Command Line Args: Namespace(config_file='/home/ng6309/datascience/rakesh/VGT/object_detection/Configs/cascade/D4LA_VGT_cascade_PTM.yaml', resume=False, eval_only=False, num_gpus=1, num_machines=1, machine_rank=0, dist_url='tcp://127.0.0.1:50152', opts=['MODEL.WEIGHTS', '/home/ng6309/datascience/rakesh/VGT/finetuned_models/D4LA_VGT_model.pth', 'OUTPUT_DIR', '/home/ng6309/datascience/rakesh/VGT/outputs/sample_vgt_data/genai_pf_output/org_repo_model_output'], debug=False)
[02/26 13:51:30 detectron2]: Rank of current process: 0. World size: 1
[02/26 13:51:30 detectron2]: Environment info:
-------------------------------  -------------------------------------------------------------------------------------------------------------------------------------------------------
sys.platform                     linux
Python                           3.11.11 (main, Dec  4 2024, 08:55:07) [GCC 11.4.0]
numpy                            1.26.4
detectron2                       0.6 @/home/ng6309/datascience/krishna/detectron2/detectron2
detectron2._C                    not built correctly: /home/ng6309/datascience/krishna/detectron2/detectron2/_C.cpython-311-x86_64-linux-gnu.so: undefined symbol: _ZNK3c105Error4whatEv
Compiler ($CXX)                  c++ (Ubuntu 11.4.0-1ubuntu1~22.04) 11.4.0
CUDA compiler                    Build cuda_12.6.r12.6/compiler.34714021_0
detectron2 arch flags            8.9
DETECTRON2_ENV_MODULE            <not set>
PyTorch                          2.3.1+cu121 @/home/ng6309/datascience/krishna/genai_env/lib/python3.11/site-packages/torch
PyTorch debug build              False
torch._C._GLIBCXX_USE_CXX11_ABI  False
GPU available                    Yes
GPU 0                            NVIDIA RTX 6000 Ada Generation (arch=8.9)
Driver version                   535.230.02
CUDA_HOME                        /usr/local/cuda-12.6
Pillow                           10.4.0
torchvision                      0.18.1+cu121 @/home/ng6309/datascience/krishna/genai_env/lib/python3.11/site-packages/torchvision
torchvision arch flags           5.0, 6.0, 7.0, 7.5, 8.0, 8.6, 9.0
fvcore                           0.1.5.post20221221
iopath                           0.1.9
cv2                              4.11.0
-------------------------------  -------------------------------------------------------------------------------------------------------------------------------------------------------
PyTorch built with:
  - GCC 9.3
  - C++ Version: 201703
  - Intel(R) oneAPI Math Kernel Library Version 2022.2-Product Build 20220804 for Intel(R) 64 architecture applications
  - Intel(R) MKL-DNN v3.3.6 (Git Hash 86e6af5974177e513fd3fee58425e1063e7f1361)
  - OpenMP 201511 (a.k.a. OpenMP 4.5)
  - LAPACK is enabled (usually provided by MKL)
  - NNPACK is enabled
  - CPU capability usage: AVX2
  - CUDA Runtime 12.1
  - NVCC architecture flags: -gencode;arch=compute_50,code=sm_50;-gencode;arch=compute_60,code=sm_60;-gencode;arch=compute_70,code=sm_70;-gencode;arch=compute_75,code=sm_75;-gencode;arch=compute_80,code=sm_80;-gencode;arch=compute_86,code=sm_86;-gencode;arch=compute_90,code=sm_90
  - CuDNN 8.9.2
  - Magma 2.6.1
  - Build settings: BLAS_INFO=mkl, BUILD_TYPE=Release, CUDA_VERSION=12.1, CUDNN_VERSION=8.9.2, CXX_COMPILER=/opt/rh/devtoolset-9/root/usr/bin/c++, CXX_FLAGS= -D_GLIBCXX_USE_CXX11_ABI=0 -fabi-version=11 -fvisibility-inlines-hidden -DUSE_PTHREADPOOL -DNDEBUG -DUSE_KINETO -DLIBKINETO_NOROCTRACER -DUSE_FBGEMM -DUSE_QNNPACK -DUSE_PYTORCH_QNNPACK -DUSE_XNNPACK -DSYMBOLICATE_MOBILE_DEBUG_HANDLE -O2 -fPIC -Wall -Wextra -Werror=return-type -Werror=non-virtual-dtor -Werror=bool-operation -Wnarrowing -Wno-missing-field-initializers -Wno-type-limits -Wno-array-bounds -Wno-unknown-pragmas -Wno-unused-parameter -Wno-unused-function -Wno-unused-result -Wno-strict-overflow -Wno-strict-aliasing -Wno-stringop-overflow -Wsuggest-override -Wno-psabi -Wno-error=pedantic -Wno-error=old-style-cast -Wno-missing-braces -fdiagnostics-color=always -faligned-new -Wno-unused-but-set-variable -Wno-maybe-uninitialized -fno-math-errno -fno-trapping-math -Werror=format -Wno-stringop-overflow, LAPACK_INFO=mkl, PERF_WITH_AVX=1, PERF_WITH_AVX2=1, PERF_WITH_AVX512=1, TORCH_VERSION=2.3.1, USE_CUDA=ON, USE_CUDNN=ON, USE_CUSPARSELT=1, USE_EXCEPTION_PTR=1, USE_GFLAGS=OFF, USE_GLOG=OFF, USE_GLOO=ON, USE_MKL=ON, USE_MKLDNN=ON, USE_MPI=OFF, USE_NCCL=1, USE_NNPACK=ON, USE_OPENMP=ON, USE_ROCM=OFF, USE_ROCM_KERNEL_ASSERT=OFF, 

[02/26 13:51:30 detectron2]: Command line arguments: Namespace(config_file='/home/ng6309/datascience/rakesh/VGT/object_detection/Configs/cascade/D4LA_VGT_cascade_PTM.yaml', resume=False, eval_only=False, num_gpus=1, num_machines=1, machine_rank=0, dist_url='tcp://127.0.0.1:50152', opts=['MODEL.WEIGHTS', '/home/ng6309/datascience/rakesh/VGT/finetuned_models/D4LA_VGT_model.pth', 'OUTPUT_DIR', '/home/ng6309/datascience/rakesh/VGT/outputs/sample_vgt_data/genai_pf_output/org_repo_model_output'], debug=False)
[02/26 13:51:30 detectron2]: Contents of args.config_file=/home/ng6309/datascience/rakesh/VGT/object_detection/Configs/cascade/D4LA_VGT_cascade_PTM.yaml:
[38;5;204m_BASE_[39m[38;5;15m:[39m[38;5;15m [39m[38;5;186m"[39m[38;5;186m../Base-RCNN-FPN.yaml[39m[38;5;186m"[39m
[38;5;204mMODEL[39m[38;5;15m:[39m
[38;5;15m  [39m[38;5;204mMASK_ON[39m[38;5;15m:[39m[38;5;15m [39m[38;5;141mFalse[39m
[38;5;15m  [39m[38;5;204mMETA_ARCHITECTURE[39m[38;5;15m:[39m[38;5;15m [39m[38;5;186m"[39m[38;5;186mVGT[39m[38;5;186m"[39m
[38;5;15m  [39m[38;5;204mWORDGRID[39m[38;5;15m:[39m
[38;5;15m    [39m[38;5;204mVOCAB_SIZE[39m[38;5;15m:[39m[38;5;15m [39m[38;5;141m30552[39m
[38;5;15m    [39m[38;5;204mEMBEDDING_DIM[39m[38;5;15m:[39m[38;5;15m [39m[38;5;141m64[39m
[38;5;15m    [39m[38;5;204mMODEL_PATH[39m[38;5;15m:[39m[38;5;15m [39m[38;5;186m"[39m[38;5;186m/path/layoutlm-base-uncased/[39m[38;5;186m"[39m
[38;5;15m    [39m[38;5;204mUSE_PRETRAIN_WEIGHT[39m[38;5;15m:[39m[38;5;15m [39m[38;5;141mTrue[39m
[38;5;15m  [39m[38;5;204mPIXEL_MEAN[39m[38;5;15m:[39m[38;5;15m [39m[38;5;15m[[39m[38;5;15m [39m[38;5;15m127.5[39m[38;5;15m,[39m[38;5;15m [39m[38;5;15m127.5[39m[38;5;15m,[39m[38;5;15m [39m[38;5;15m127.5[39m[38;5;15m [39m[38;5;15m][39m
[38;5;15m  [39m[38;5;204mPIXEL_STD[39m[38;5;15m:[39m[38;5;15m [39m[38;5;15m[[39m[38;5;15m [39m[38;5;15m127.5[39m[38;5;15m,[39m[38;5;15m [39m[38;5;15m127.5[39m[38;5;15m,[39m[38;5;15m [39m[38;5;15m127.5[39m[38;5;15m [39m[38;5;15m][39m
[38;5;15m  [39m[38;5;204mBACKBONE[39m[38;5;15m:[39m
[38;5;15m    [39m[38;5;204mNAME[39m[38;5;15m:[39m[38;5;15m [39m[38;5;186m"[39m[38;5;186mbuild_VGT_fpn_backbone[39m[38;5;186m"[39m
[38;5;15m  [39m[38;5;204mWEIGHTS[39m[38;5;15m:[39m[38;5;15m [39m[38;5;186m"[39m[38;5;186mhttps://layoutlm.blob.core.windows.net/dit/dit-pts/dit-base-224-p16-500k-62d53a.pth[39m[38;5;186m"[39m
[38;5;15m  [39m[38;5;204mVIT[39m[38;5;15m:[39m
[38;5;15m    [39m[38;5;204mNAME[39m[38;5;15m:[39m[38;5;15m [39m[38;5;186m"[39m[38;5;186mVGT_dit_base_patch16[39m[38;5;186m"[39m
[38;5;15m    [39m[38;5;204mMERGE_TYPE[39m[38;5;15m:[39m[38;5;15m [39m[38;5;186m"[39m[38;5;186mSum[39m[38;5;186m"[39m
[38;5;15m  [39m[38;5;204mROI_HEADS[39m[38;5;15m:[39m
[38;5;15m    [39m[38;5;204mNAME[39m[38;5;15m:[39m[38;5;15m [39m[38;5;141mCascadeROIHeads[39m
[38;5;15m    [39m[38;5;204mNUM_CLASSES[39m[38;5;15m:[39m[38;5;15m [39m[38;5;141m27[39m
[38;5;15m  [39m[38;5;204mROI_BOX_HEAD[39m[38;5;15m:[39m
[38;5;15m    [39m[38;5;204mCLS_AGNOSTIC_BBOX_REG[39m[38;5;15m:[39m[38;5;15m [39m[38;5;141mTrue[39m
[38;5;15m  [39m[38;5;204mRPN[39m[38;5;15m:[39m
[38;5;15m    [39m[38;5;204mPOST_NMS_TOPK_TRAIN[39m[38;5;15m:[39m[38;5;15m [39m[38;5;141m2000[39m
[38;5;204mSOLVER[39m[38;5;15m:[39m
[38;5;15m  [39m[38;5;204mBASE_LR[39m[38;5;15m:[39m[38;5;15m [39m[38;5;141m0.0002[39m
[38;5;15m  [39m[38;5;204mWARMUP_ITERS[39m[38;5;15m:[39m[38;5;15m [39m[38;5;141m100[39m
[38;5;15m  [39m[38;5;204mIMS_PER_BATCH[39m[38;5;15m:[39m[38;5;15m [39m[38;5;141m12[39m
[38;5;15m  [39m[38;5;204mMAX_ITER[39m[38;5;15m:[39m[38;5;15m [39m[38;5;141m20000[39m
[38;5;15m  [39m[38;5;204mSTEPS[39m[38;5;15m:[39m[38;5;15m [39m[38;5;141m(6000,[39m[38;5;141m [39m[38;5;141m8000)[39m
[38;5;204mTEST[39m[38;5;15m:[39m
[38;5;15m  [39m[38;5;204mEVAL_PERIOD[39m[38;5;15m:[39m[38;5;15m [39m[38;5;141m2000[39m
[38;5;204mDATASETS[39m[38;5;15m:[39m
[38;5;15m  [39m[38;5;204mTRAIN[39m[38;5;15m:[39m[38;5;15m [39m[38;5;141m("D4LA_train",)[39m
[38;5;15m  [39m[38;5;204mTEST[39m[38;5;15m:[39m[38;5;15m [39m[38;5;141m("D4LA_val",)[39m
[38;5;15m  [39m

[02/26 13:51:30 detectron2]: Running with full config:
[38;5;204mAUG[39m[38;5;15m:[39m
[38;5;15m  [39m[38;5;204mDETR[39m[38;5;15m:[39m[38;5;15m [39m[38;5;141mtrue[39m
[38;5;204mCUDNN_BENCHMARK[39m[38;5;15m:[39m[38;5;15m [39m[38;5;141mfalse[39m
[38;5;204mDATALOADER[39m[38;5;15m:[39m
[38;5;15m  [39m[38;5;204mASPECT_RATIO_GROUPING[39m[38;5;15m:[39m[38;5;15m [39m[38;5;141mtrue[39m
[38;5;15m  [39m[38;5;204mFILTER_EMPTY_ANNOTATIONS[39m[38;5;15m:[39m[38;5;15m [39m[38;5;141mfalse[39m
[38;5;15m  [39m[38;5;204mNUM_WORKERS[39m[38;5;15m:[39m[38;5;15m [39m[38;5;141m6[39m
[38;5;15m  [39m[38;5;204mREPEAT_SQRT[39m[38;5;15m:[39m[38;5;15m [39m[38;5;141mtrue[39m
[38;5;15m  [39m[38;5;204mREPEAT_THRESHOLD[39m[38;5;15m:[39m[38;5;15m [39m[38;5;141m0.0[39m
[38;5;15m  [39m[38;5;204mSAMPLER_TRAIN[39m[38;5;15m:[39m[38;5;15m [39m[38;5;141mTrainingSampler[39m
[38;5;204mDATASETS[39m[38;5;15m:[39m
[38;5;15m  [39m[38;5;204mPRECOMPUTED_PROPOSAL_TOPK_TEST[39m[38;5;15m:[39m[38;5;15m [39m[38;5;141m1000[39m
[38;5;15m  [39m[38;5;204mPRECOMPUTED_PROPOSAL_TOPK_TRAIN[39m[38;5;15m:[39m[38;5;15m [39m[38;5;141m2000[39m
[38;5;15m  [39m[38;5;204mPROPOSAL_FILES_TEST[39m[38;5;15m:[39m[38;5;15m [39m[38;5;15m[[39m[38;5;15m][39m
[38;5;15m  [39m[38;5;204mPROPOSAL_FILES_TRAIN[39m[38;5;15m:[39m[38;5;15m [39m[38;5;15m[[39m[38;5;15m][39m
[38;5;15m  [39m[38;5;204mTEST[39m[38;5;15m:[39m
[38;5;15m  [39m[38;5;15m-[39m[38;5;15m [39m[38;5;141mD4LA_val[39m
[38;5;15m  [39m[38;5;204mTRAIN[39m[38;5;15m:[39m
[38;5;15m  [39m[38;5;15m-[39m[38;5;15m [39m[38;5;141mD4LA_train[39m
[38;5;204mFLOAT32_PRECISION[39m[38;5;15m:[39m[38;5;15m [39m[38;5;186m'[39m[38;5;186m'[39m
[38;5;204mGLOBAL[39m[38;5;15m:[39m
[38;5;15m  [39m[38;5;204mHACK[39m[38;5;15m:[39m[38;5;15m [39m[38;5;141m1.0[39m
[38;5;204mINPUT[39m[38;5;15m:[39m
[38;5;15m  [39m[38;5;204mCROP[39m[38;5;15m:[39m
[38;5;15m    [39m[38;5;204mENABLED[39m[38;5;15m:[39m[38;5;15m [39m[38;5;141mtrue[39m
[38;5;15m    [39m[38;5;204mSIZE[39m[38;5;15m:[39m
[38;5;15m    [39m[38;5;15m-[39m[38;5;15m [39m[38;5;141m384[39m
[38;5;15m    [39m[38;5;15m-[39m[38;5;15m [39m[38;5;141m600[39m
[38;5;15m    [39m[38;5;204mTYPE[39m[38;5;15m:[39m[38;5;15m [39m[38;5;141mabsolute_range[39m
[38;5;15m  [39m[38;5;204mFORMAT[39m[38;5;15m:[39m[38;5;15m [39m[38;5;141mRGB[39m
[38;5;15m  [39m[38;5;204mMASK_FORMAT[39m[38;5;15m:[39m[38;5;15m [39m[38;5;141mpolygon[39m
[38;5;15m  [39m[38;5;204mMAX_SIZE_TEST[39m[38;5;15m:[39m[38;5;15m [39m[38;5;141m1333[39m
[38;5;15m  [39m[38;5;204mMAX_SIZE_TRAIN[39m[38;5;15m:[39m[38;5;15m [39m[38;5;141m1333[39m
[38;5;15m  [39m[38;5;204mMIN_SIZE_TEST[39m[38;5;15m:[39m[38;5;15m [39m[38;5;141m800[39m
[38;5;15m  [39m[38;5;204mMIN_SIZE_TRAIN[39m[38;5;15m:[39m
[38;5;15m  [39m[38;5;15m-[39m[38;5;15m [39m[38;5;141m480[39m
[38;5;15m  [39m[38;5;15m-[39m[38;5;15m [39m[38;5;141m512[39m
[38;5;15m  [39m[38;5;15m-[39m[38;5;15m [39m[38;5;141m544[39m
[38;5;15m  [39m[38;5;15m-[39m[38;5;15m [39m[38;5;141m576[39m
[38;5;15m  [39m[38;5;15m-[39m[38;5;15m [39m[38;5;141m608[39m
[38;5;15m  [39m[38;5;15m-[39m[38;5;15m [39m[38;5;141m640[39m
[38;5;15m  [39m[38;5;15m-[39m[38;5;15m [39m[38;5;141m672[39m
[38;5;15m  [39m[38;5;15m-[39m[38;5;15m [39m[38;5;141m704[39m
[38;5;15m  [39m[38;5;15m-[39m[38;5;15m [39m[38;5;141m736[39m
[38;5;15m  [39m[38;5;15m-[39m[38;5;15m [39m[38;5;141m768[39m
[38;5;15m  [39m[38;5;15m-[39m[38;5;15m [39m[38;5;141m800[39m
[38;5;15m  [39m[38;5;204mMIN_SIZE_TRAIN_SAMPLING[39m[38;5;15m:[39m[38;5;15m [39m[38;5;141mchoice[39m
[38;5;15m  [39m[38;5;204mRANDOM_FLIP[39m[38;5;15m:[39m[38;5;15m [39m[38;5;141mhorizontal[39m
[38;5;204mMODEL[39m[38;5;15m:[39m
[38;5;15m  [39m[38;5;204mANCHOR_GENERATOR[39m[38;5;15m:[39m
[38;5;15m    [39m[38;5;204mANGLES[39m[38;5;15m:[39m
[38;5;15m    [39m[38;5;15m-[39m[38;5;15m [39m[38;5;15m-[39m[38;5;15m [39m[38;5;141m-90[39m
[38;5;15m      [39m[38;5;15m-[39m[38;5;15m [39m[38;5;141m0[39m
[38;5;15m      [39m[38;5;15m-[39m[38;5;15m [39m[38;5;141m90[39m
[38;5;15m    [39m[38;5;204mASPECT_RATIOS[39m[38;5;15m:[39m
[38;5;15m    [39m[38;5;15m-[39m[38;5;15m [39m[38;5;15m-[39m[38;5;15m [39m[38;5;141m0.5[39m
[38;5;15m      [39m[38;5;15m-[39m[38;5;15m [39m[38;5;141m1.0[39m
[38;5;15m      [39m[38;5;15m-[39m[38;5;15m [39m[38;5;141m2.0[39m
[38;5;15m    [39m[38;5;204mNAME[39m[38;5;15m:[39m[38;5;15m [39m[38;5;141mDefaultAnchorGenerator[39m
[38;5;15m    [39m[38;5;204mOFFSET[39m[38;5;15m:[39m[38;5;15m [39m[38;5;141m0.0[39m
[38;5;15m    [39m[38;5;204mSIZES[39m[38;5;15m:[39m
[38;5;15m    [39m[38;5;15m-[39m[38;5;15m [39m[38;5;15m-[39m[38;5;15m [39m[38;5;141m32[39m
[38;5;15m    [39m[38;5;15m-[39m[38;5;15m [39m[38;5;15m-[39m[38;5;15m [39m[38;5;141m64[39m
[38;5;15m    [39m[38;5;15m-[39m[38;5;15m [39m[38;5;15m-[39m[38;5;15m [39m[38;5;141m128[39m
[38;5;15m    [39m[38;5;15m-[39m[38;5;15m [39m[38;5;15m-[39m[38;5;15m [39m[38;5;141m256[39m
[38;5;15m    [39m[38;5;15m-[39m[38;5;15m [39m[38;5;15m-[39m[38;5;15m [39m[38;5;141m512[39m
[38;5;15m  [39m[38;5;204mBACKBONE[39m[38;5;15m:[39m
[38;5;15m    [39m[38;5;204mFREEZE_AT[39m[38;5;15m:[39m[38;5;15m [39m[38;5;141m2[39m
[38;5;15m    [39m[38;5;204mNAME[39m[38;5;15m:[39m[38;5;15m [39m[38;5;141mbuild_VGT_fpn_backbone[39m
[38;5;15m  [39m[38;5;204mDEVICE[39m[38;5;15m:[39m[38;5;15m [39m[38;5;141mcuda[39m
[38;5;15m  [39m[38;5;204mFPN[39m[38;5;15m:[39m
[38;5;15m    [39m[38;5;204mFUSE_TYPE[39m[38;5;15m:[39m[38;5;15m [39m[38;5;141msum[39m
[38;5;15m    [39m[38;5;204mIN_FEATURES[39m[38;5;15m:[39m
[38;5;15m    [39m[38;5;15m-[39m[38;5;15m [39m[38;5;141mlayer3[39m
[38;5;15m    [39m[38;5;15m-[39m[38;5;15m [39m[38;5;141mlayer5[39m
[38;5;15m    [39m[38;5;15m-[39m[38;5;15m [39m[38;5;141mlayer7[39m
[38;5;15m    [39m[38;5;15m-[39m[38;5;15m [39m[38;5;141mlayer11[39m
[38;5;15m    [39m[38;5;204mNORM[39m[38;5;15m:[39m[38;5;15m [39m[38;5;186m'[39m[38;5;186m'[39m
[38;5;15m    [39m[38;5;204mOUT_CHANNELS[39m[38;5;15m:[39m[38;5;15m [39m[38;5;141m256[39m
[38;5;15m  [39m[38;5;204mKEYPOINT_ON[39m[38;5;15m:[39m[38;5;15m [39m[38;5;141mfalse[39m
[38;5;15m  [39m[38;5;204mLOAD_PROPOSALS[39m[38;5;15m:[39m[38;5;15m [39m[38;5;141mfalse[39m
[38;5;15m  [39m[38;5;204mMASK_ON[39m[38;5;15m:[39m[38;5;15m [39m[38;5;141mfalse[39m
[38;5;15m  [39m[38;5;204mMETA_ARCHITECTURE[39m[38;5;15m:[39m[38;5;15m [39m[38;5;141mVGT[39m
[38;5;15m  [39m[38;5;204mPANOPTIC_FPN[39m[38;5;15m:[39m
[38;5;15m    [39m[38;5;204mCOMBINE[39m[38;5;15m:[39m
[38;5;15m      [39m[38;5;204mENABLED[39m[38;5;15m:[39m[38;5;15m [39m[38;5;141mtrue[39m
[38;5;15m      [39m[38;5;204mINSTANCES_CONFIDENCE_THRESH[39m[38;5;15m:[39m[38;5;15m [39m[38;5;141m0.5[39m
[38;5;15m      [39m[38;5;204mOVERLAP_THRESH[39m[38;5;15m:[39m[38;5;15m [39m[38;5;141m0.5[39m
[38;5;15m      [39m[38;5;204mSTUFF_AREA_LIMIT[39m[38;5;15m:[39m[38;5;15m [39m[38;5;141m4096[39m
[38;5;15m    [39m[38;5;204mINSTANCE_LOSS_WEIGHT[39m[38;5;15m:[39m[38;5;15m [39m[38;5;141m1.0[39m
[38;5;15m  [39m[38;5;204mPIXEL_MEAN[39m[38;5;15m:[39m
[38;5;15m  [39m[38;5;15m-[39m[38;5;15m [39m[38;5;141m127.5[39m
[38;5;15m  [39m[38;5;15m-[39m[38;5;15m [39m[38;5;141m127.5[39m
[38;5;15m  [39m[38;5;15m-[39m[38;5;15m [39m[38;5;141m127.5[39m
[38;5;15m  [39m[38;5;204mPIXEL_STD[39m[38;5;15m:[39m
[38;5;15m  [39m[38;5;15m-[39m[38;5;15m [39m[38;5;141m127.5[39m
[38;5;15m  [39m[38;5;15m-[39m[38;5;15m [39m[38;5;141m127.5[39m
[38;5;15m  [39m[38;5;15m-[39m[38;5;15m [39m[38;5;141m127.5[39m
[38;5;15m  [39m[38;5;204mPROPOSAL_GENERATOR[39m[38;5;15m:[39m
[38;5;15m    [39m[38;5;204mMIN_SIZE[39m[38;5;15m:[39m[38;5;15m [39m[38;5;141m0[39m
[38;5;15m    [39m[38;5;204mNAME[39m[38;5;15m:[39m[38;5;15m [39m[38;5;141mRPN[39m
[38;5;15m  [39m[38;5;204mRESNETS[39m[38;5;15m:[39m
[38;5;15m    [39m[38;5;204mDEFORM_MODULATED[39m[38;5;15m:[39m[38;5;15m [39m[38;5;141mfalse[39m
[38;5;15m    [39m[38;5;204mDEFORM_NUM_GROUPS[39m[38;5;15m:[39m[38;5;15m [39m[38;5;141m1[39m
[38;5;15m    [39m[38;5;204mDEFORM_ON_PER_STAGE[39m[38;5;15m:[39m
[38;5;15m    [39m[38;5;15m-[39m[38;5;15m [39m[38;5;141mfalse[39m
[38;5;15m    [39m[38;5;15m-[39m[38;5;15m [39m[38;5;141mfalse[39m
[38;5;15m    [39m[38;5;15m-[39m[38;5;15m [39m[38;5;141mfalse[39m
[38;5;15m    [39m[38;5;15m-[39m[38;5;15m [39m[38;5;141mfalse[39m
[38;5;15m    [39m[38;5;204mDEPTH[39m[38;5;15m:[39m[38;5;15m [39m[38;5;141m50[39m
[38;5;15m    [39m[38;5;204mNORM[39m[38;5;15m:[39m[38;5;15m [39m[38;5;141mFrozenBN[39m
[38;5;15m    [39m[38;5;204mNUM_GROUPS[39m[38;5;15m:[39m[38;5;15m [39m[38;5;141m1[39m
[38;5;15m    [39m[38;5;204mOUT_FEATURES[39m[38;5;15m:[39m
[38;5;15m    [39m[38;5;15m-[39m[38;5;15m [39m[38;5;141mres4[39m
[38;5;15m    [39m[38;5;204mRES2_OUT_CHANNELS[39m[38;5;15m:[39m[38;5;15m [39m[38;5;141m256[39m
[38;5;15m    [39m[38;5;204mRES5_DILATION[39m[38;5;15m:[39m[38;5;15m [39m[38;5;141m1[39m
[38;5;15m    [39m[38;5;204mSTEM_OUT_CHANNELS[39m[38;5;15m:[39m[38;5;15m [39m[38;5;141m64[39m
[38;5;15m    [39m[38;5;204mSTRIDE_IN_1X1[39m[38;5;15m:[39m[38;5;15m [39m[38;5;141mtrue[39m
[38;5;15m    [39m[38;5;204mWIDTH_PER_GROUP[39m[38;5;15m:[39m[38;5;15m [39m[38;5;141m64[39m
[38;5;15m  [39m[38;5;204mRETINANET[39m[38;5;15m:[39m
[38;5;15m    [39m[38;5;204mBBOX_REG_LOSS_TYPE[39m[38;5;15m:[39m[38;5;15m [39m[38;5;141msmooth_l1[39m
[38;5;15m    [39m[38;5;204mBBOX_REG_WEIGHTS[39m[38;5;15m:[39m[38;5;15m [39m[38;5;15m&id002[39m
[38;5;15m    [39m[38;5;15m-[39m[38;5;15m [39m[38;5;141m1.0[39m
[38;5;15m    [39m[38;5;15m-[39m[38;5;15m [39m[38;5;141m1.0[39m
[38;5;15m    [39m[38;5;15m-[39m[38;5;15m [39m[38;5;141m1.0[39m
[38;5;15m    [39m[38;5;15m-[39m[38;5;15m [39m[38;5;141m1.0[39m
[38;5;15m    [39m[38;5;204mFOCAL_LOSS_ALPHA[39m[38;5;15m:[39m[38;5;15m [39m[38;5;141m0.25[39m
[38;5;15m    [39m[38;5;204mFOCAL_LOSS_GAMMA[39m[38;5;15m:[39m[38;5;15m [39m[38;5;141m2.0[39m
[38;5;15m    [39m[38;5;204mIN_FEATURES[39m[38;5;15m:[39m
[38;5;15m    [39m[38;5;15m-[39m[38;5;15m [39m[38;5;141mp3[39m
[38;5;15m    [39m[38;5;15m-[39m[38;5;15m [39m[38;5;141mp4[39m
[38;5;15m    [39m[38;5;15m-[39m[38;5;15m [39m[38;5;141mp5[39m
[38;5;15m    [39m[38;5;15m-[39m[38;5;15m [39m[38;5;141mp6[39m
[38;5;15m    [39m[38;5;15m-[39m[38;5;15m [39m[38;5;141mp7[39m
[38;5;15m    [39m[38;5;204mIOU_LABELS[39m[38;5;15m:[39m
[38;5;15m    [39m[38;5;15m-[39m[38;5;15m [39m[38;5;141m0[39m
[38;5;15m    [39m[38;5;15m-[39m[38;5;15m [39m[38;5;141m-1[39m
[38;5;15m    [39m[38;5;15m-[39m[38;5;15m [39m[38;5;141m1[39m
[38;5;15m    [39m[38;5;204mIOU_THRESHOLDS[39m[38;5;15m:[39m
[38;5;15m    [39m[38;5;15m-[39m[38;5;15m [39m[38;5;141m0.4[39m
[38;5;15m    [39m[38;5;15m-[39m[38;5;15m [39m[38;5;141m0.5[39m
[38;5;15m    [39m[38;5;204mNMS_THRESH_TEST[39m[38;5;15m:[39m[38;5;15m [39m[38;5;141m0.5[39m
[38;5;15m    [39m[38;5;204mNORM[39m[38;5;15m:[39m[38;5;15m [39m[38;5;186m'[39m[38;5;186m'[39m
[38;5;15m    [39m[38;5;204mNUM_CLASSES[39m[38;5;15m:[39m[38;5;15m [39m[38;5;141m80[39m
[38;5;15m    [39m[38;5;204mNUM_CONVS[39m[38;5;15m:[39m[38;5;15m [39m[38;5;141m4[39m
[38;5;15m    [39m[38;5;204mPRIOR_PROB[39m[38;5;15m:[39m[38;5;15m [39m[38;5;141m0.01[39m
[38;5;15m    [39m[38;5;204mSCORE_THRESH_TEST[39m[38;5;15m:[39m[38;5;15m [39m[38;5;141m0.05[39m
[38;5;15m    [39m[38;5;204mSMOOTH_L1_LOSS_BETA[39m[38;5;15m:[39m[38;5;15m [39m[38;5;141m0.1[39m
[38;5;15m    [39m[38;5;204mTOPK_CANDIDATES_TEST[39m[38;5;15m:[39m[38;5;15m [39m[38;5;141m1000[39m
[38;5;15m  [39m[38;5;204mROI_BOX_CASCADE_HEAD[39m[38;5;15m:[39m
[38;5;15m    [39m[38;5;204mBBOX_REG_WEIGHTS[39m[38;5;15m:[39m
[38;5;15m    [39m[38;5;15m-[39m[38;5;15m [39m[38;5;15m&id001[39m
[38;5;15m      [39m[38;5;15m-[39m[38;5;15m [39m[38;5;141m10.0[39m
[38;5;15m      [39m[38;5;15m-[39m[38;5;15m [39m[38;5;141m10.0[39m
[38;5;15m      [39m[38;5;15m-[39m[38;5;15m [39m[38;5;141m5.0[39m
[38;5;15m      [39m[38;5;15m-[39m[38;5;15m [39m[38;5;141m5.0[39m
[38;5;15m    [39m[38;5;15m-[39m[38;5;15m [39m[38;5;15m-[39m[38;5;15m [39m[38;5;141m20.0[39m
[38;5;15m      [39m[38;5;15m-[39m[38;5;15m [39m[38;5;141m20.0[39m
[38;5;15m      [39m[38;5;15m-[39m[38;5;15m [39m[38;5;141m10.0[39m
[38;5;15m      [39m[38;5;15m-[39m[38;5;15m [39m[38;5;141m10.0[39m
[38;5;15m    [39m[38;5;15m-[39m[38;5;15m [39m[38;5;15m-[39m[38;5;15m [39m[38;5;141m30.0[39m
[38;5;15m      [39m[38;5;15m-[39m[38;5;15m [39m[38;5;141m30.0[39m
[38;5;15m      [39m[38;5;15m-[39m[38;5;15m [39m[38;5;141m15.0[39m
[38;5;15m      [39m[38;5;15m-[39m[38;5;15m [39m[38;5;141m15.0[39m
[38;5;15m    [39m[38;5;204mIOUS[39m[38;5;15m:[39m
[38;5;15m    [39m[38;5;15m-[39m[38;5;15m [39m[38;5;141m0.5[39m
[38;5;15m    [39m[38;5;15m-[39m[38;5;15m [39m[38;5;141m0.6[39m
[38;5;15m    [39m[38;5;15m-[39m[38;5;15m [39m[38;5;141m0.7[39m
[38;5;15m  [39m[38;5;204mROI_BOX_HEAD[39m[38;5;15m:[39m
[38;5;15m    [39m[38;5;204mBBOX_REG_LOSS_TYPE[39m[38;5;15m:[39m[38;5;15m [39m[38;5;141msmooth_l1[39m
[38;5;15m    [39m[38;5;204mBBOX_REG_LOSS_WEIGHT[39m[38;5;15m:[39m[38;5;15m [39m[38;5;141m1.0[39m
[38;5;15m    [39m[38;5;204mBBOX_REG_WEIGHTS[39m[38;5;15m:[39m[38;5;15m [39m[38;5;15m*id001[39m
[38;5;15m    [39m[38;5;204mCLS_AGNOSTIC_BBOX_REG[39m[38;5;15m:[39m[38;5;15m [39m[38;5;141mtrue[39m
[38;5;15m    [39m[38;5;204mCONV_DIM[39m[38;5;15m:[39m[38;5;15m [39m[38;5;141m256[39m
[38;5;15m    [39m[38;5;204mFC_DIM[39m[38;5;15m:[39m[38;5;15m [39m[38;5;141m1024[39m
[38;5;15m    [39m[38;5;204mFED_LOSS_FREQ_WEIGHT_POWER[39m[38;5;15m:[39m[38;5;15m [39m[38;5;141m0.5[39m
[38;5;15m    [39m[38;5;204mFED_LOSS_NUM_CLASSES[39m[38;5;15m:[39m[38;5;15m [39m[38;5;141m50[39m
[38;5;15m    [39m[38;5;204mNAME[39m[38;5;15m:[39m[38;5;15m [39m[38;5;141mFastRCNNConvFCHead[39m
[38;5;15m    [39m[38;5;204mNORM[39m[38;5;15m:[39m[38;5;15m [39m[38;5;186m'[39m[38;5;186m'[39m
[38;5;15m    [39m[38;5;204mNUM_CONV[39m[38;5;15m:[39m[38;5;15m [39m[38;5;141m0[39m
[38;5;15m    [39m[38;5;204mNUM_FC[39m[38;5;15m:[39m[38;5;15m [39m[38;5;141m2[39m
[38;5;15m    [39m[38;5;204mPOOLER_RESOLUTION[39m[38;5;15m:[39m[38;5;15m [39m[38;5;141m7[39m
[38;5;15m    [39m[38;5;204mPOOLER_SAMPLING_RATIO[39m[38;5;15m:[39m[38;5;15m [39m[38;5;141m0[39m
[38;5;15m    [39m[38;5;204mPOOLER_TYPE[39m[38;5;15m:[39m[38;5;15m [39m[38;5;141mROIAlignV2[39m
[38;5;15m    [39m[38;5;204mSMOOTH_L1_BETA[39m[38;5;15m:[39m[38;5;15m [39m[38;5;141m0.0[39m
[38;5;15m    [39m[38;5;204mTRAIN_ON_PRED_BOXES[39m[38;5;15m:[39m[38;5;15m [39m[38;5;141mfalse[39m
[38;5;15m    [39m[38;5;204mUSE_FED_LOSS[39m[38;5;15m:[39m[38;5;15m [39m[38;5;141mfalse[39m
[38;5;15m    [39m[38;5;204mUSE_SIGMOID_CE[39m[38;5;15m:[39m[38;5;15m [39m[38;5;141mfalse[39m
[38;5;15m  [39m[38;5;204mROI_HEADS[39m[38;5;15m:[39m
[38;5;15m    [39m[38;5;204mBATCH_SIZE_PER_IMAGE[39m[38;5;15m:[39m[38;5;15m [39m[38;5;141m512[39m
[38;5;15m    [39m[38;5;204mIN_FEATURES[39m[38;5;15m:[39m
[38;5;15m    [39m[38;5;15m-[39m[38;5;15m [39m[38;5;141mp2[39m
[38;5;15m    [39m[38;5;15m-[39m[38;5;15m [39m[38;5;141mp3[39m
[38;5;15m    [39m[38;5;15m-[39m[38;5;15m [39m[38;5;141mp4[39m
[38;5;15m    [39m[38;5;15m-[39m[38;5;15m [39m[38;5;141mp5[39m
[38;5;15m    [39m[38;5;204mIOU_LABELS[39m[38;5;15m:[39m
[38;5;15m    [39m[38;5;15m-[39m[38;5;15m [39m[38;5;141m0[39m
[38;5;15m    [39m[38;5;15m-[39m[38;5;15m [39m[38;5;141m1[39m
[38;5;15m    [39m[38;5;204mIOU_THRESHOLDS[39m[38;5;15m:[39m
[38;5;15m    [39m[38;5;15m-[39m[38;5;15m [39m[38;5;141m0.5[39m
[38;5;15m    [39m[38;5;204mNAME[39m[38;5;15m:[39m[38;5;15m [39m[38;5;141mCascadeROIHeads[39m
[38;5;15m    [39m[38;5;204mNMS_THRESH_TEST[39m[38;5;15m:[39m[38;5;15m [39m[38;5;141m0.5[39m
[38;5;15m    [39m[38;5;204mNUM_CLASSES[39m[38;5;15m:[39m[38;5;15m [39m[38;5;141m27[39m
[38;5;15m    [39m[38;5;204mPOSITIVE_FRACTION[39m[38;5;15m:[39m[38;5;15m [39m[38;5;141m0.25[39m
[38;5;15m    [39m[38;5;204mPROPOSAL_APPEND_GT[39m[38;5;15m:[39m[38;5;15m [39m[38;5;141mtrue[39m
[38;5;15m    [39m[38;5;204mSCORE_THRESH_TEST[39m[38;5;15m:[39m[38;5;15m [39m[38;5;141m0.05[39m
[38;5;15m  [39m[38;5;204mROI_KEYPOINT_HEAD[39m[38;5;15m:[39m
[38;5;15m    [39m[38;5;204mCONV_DIMS[39m[38;5;15m:[39m
[38;5;15m    [39m[38;5;15m-[39m[38;5;15m [39m[38;5;141m512[39m
[38;5;15m    [39m[38;5;15m-[39m[38;5;15m [39m[38;5;141m512[39m
[38;5;15m    [39m[38;5;15m-[39m[38;5;15m [39m[38;5;141m512[39m
[38;5;15m    [39m[38;5;15m-[39m[38;5;15m [39m[38;5;141m512[39m
[38;5;15m    [39m[38;5;15m-[39m[38;5;15m [39m[38;5;141m512[39m
[38;5;15m    [39m[38;5;15m-[39m[38;5;15m [39m[38;5;141m512[39m
[38;5;15m    [39m[38;5;15m-[39m[38;5;15m [39m[38;5;141m512[39m
[38;5;15m    [39m[38;5;15m-[39m[38;5;15m [39m[38;5;141m512[39m
[38;5;15m    [39m[38;5;204mLOSS_WEIGHT[39m[38;5;15m:[39m[38;5;15m [39m[38;5;141m1.0[39m
[38;5;15m    [39m[38;5;204mMIN_KEYPOINTS_PER_IMAGE[39m[38;5;15m:[39m[38;5;15m [39m[38;5;141m1[39m
[38;5;15m    [39m[38;5;204mNAME[39m[38;5;15m:[39m[38;5;15m [39m[38;5;141mKRCNNConvDeconvUpsampleHead[39m
[38;5;15m    [39m[38;5;204mNORMALIZE_LOSS_BY_VISIBLE_KEYPOINTS[39m[38;5;15m:[39m[38;5;15m [39m[38;5;141mtrue[39m
[38;5;15m    [39m[38;5;204mNUM_KEYPOINTS[39m[38;5;15m:[39m[38;5;15m [39m[38;5;141m17[39m
[38;5;15m    [39m[38;5;204mPOOLER_RESOLUTION[39m[38;5;15m:[39m[38;5;15m [39m[38;5;141m14[39m
[38;5;15m    [39m[38;5;204mPOOLER_SAMPLING_RATIO[39m[38;5;15m:[39m[38;5;15m [39m[38;5;141m0[39m
[38;5;15m    [39m[38;5;204mPOOLER_TYPE[39m[38;5;15m:[39m[38;5;15m [39m[38;5;141mROIAlignV2[39m
[38;5;15m  [39m[38;5;204mROI_MASK_HEAD[39m[38;5;15m:[39m
[38;5;15m    [39m[38;5;204mCLS_AGNOSTIC_MASK[39m[38;5;15m:[39m[38;5;15m [39m[38;5;141mfalse[39m
[38;5;15m    [39m[38;5;204mCONV_DIM[39m[38;5;15m:[39m[38;5;15m [39m[38;5;141m256[39m
[38;5;15m    [39m[38;5;204mNAME[39m[38;5;15m:[39m[38;5;15m [39m[38;5;141mMaskRCNNConvUpsampleHead[39m
[38;5;15m    [39m[38;5;204mNORM[39m[38;5;15m:[39m[38;5;15m [39m[38;5;186m'[39m[38;5;186m'[39m
[38;5;15m    [39m[38;5;204mNUM_CONV[39m[38;5;15m:[39m[38;5;15m [39m[38;5;141m4[39m
[38;5;15m    [39m[38;5;204mPOOLER_RESOLUTION[39m[38;5;15m:[39m[38;5;15m [39m[38;5;141m14[39m
[38;5;15m    [39m[38;5;204mPOOLER_SAMPLING_RATIO[39m[38;5;15m:[39m[38;5;15m [39m[38;5;141m0[39m
[38;5;15m    [39m[38;5;204mPOOLER_TYPE[39m[38;5;15m:[39m[38;5;15m [39m[38;5;141mROIAlignV2[39m
[38;5;15m  [39m[38;5;204mRPN[39m[38;5;15m:[39m
[38;5;15m    [39m[38;5;204mBATCH_SIZE_PER_IMAGE[39m[38;5;15m:[39m[38;5;15m [39m[38;5;141m256[39m
[38;5;15m    [39m[38;5;204mBBOX_REG_LOSS_TYPE[39m[38;5;15m:[39m[38;5;15m [39m[38;5;141msmooth_l1[39m
[38;5;15m    [39m[38;5;204mBBOX_REG_LOSS_WEIGHT[39m[38;5;15m:[39m[38;5;15m [39m[38;5;141m1.0[39m
[38;5;15m    [39m[38;5;204mBBOX_REG_WEIGHTS[39m[38;5;15m:[39m[38;5;15m [39m[38;5;15m*id002[39m
[38;5;15m    [39m[38;5;204mBOUNDARY_THRESH[39m[38;5;15m:[39m[38;5;15m [39m[38;5;141m-1[39m
[38;5;15m    [39m[38;5;204mCONV_DIMS[39m[38;5;15m:[39m
[38;5;15m    [39m[38;5;15m-[39m[38;5;15m [39m[38;5;141m-1[39m
[38;5;15m    [39m[38;5;204mHEAD_NAME[39m[38;5;15m:[39m[38;5;15m [39m[38;5;141mStandardRPNHead[39m
[38;5;15m    [39m[38;5;204mIN_FEATURES[39m[38;5;15m:[39m
[38;5;15m    [39m[38;5;15m-[39m[38;5;15m [39m[38;5;141mp2[39m
[38;5;15m    [39m[38;5;15m-[39m[38;5;15m [39m[38;5;141mp3[39m
[38;5;15m    [39m[38;5;15m-[39m[38;5;15m [39m[38;5;141mp4[39m
[38;5;15m    [39m[38;5;15m-[39m[38;5;15m [39m[38;5;141mp5[39m
[38;5;15m    [39m[38;5;15m-[39m[38;5;15m [39m[38;5;141mp6[39m
[38;5;15m    [39m[38;5;204mIOU_LABELS[39m[38;5;15m:[39m
[38;5;15m    [39m[38;5;15m-[39m[38;5;15m [39m[38;5;141m0[39m
[38;5;15m    [39m[38;5;15m-[39m[38;5;15m [39m[38;5;141m-1[39m
[38;5;15m    [39m[38;5;15m-[39m[38;5;15m [39m[38;5;141m1[39m
[38;5;15m    [39m[38;5;204mIOU_THRESHOLDS[39m[38;5;15m:[39m
[38;5;15m    [39m[38;5;15m-[39m[38;5;15m [39m[38;5;141m0.3[39m
[38;5;15m    [39m[38;5;15m-[39m[38;5;15m [39m[38;5;141m0.7[39m
[38;5;15m    [39m[38;5;204mLOSS_WEIGHT[39m[38;5;15m:[39m[38;5;15m [39m[38;5;141m1.0[39m
[38;5;15m    [39m[38;5;204mNMS_THRESH[39m[38;5;15m:[39m[38;5;15m [39m[38;5;141m0.7[39m
[38;5;15m    [39m[38;5;204mPOSITIVE_FRACTION[39m[38;5;15m:[39m[38;5;15m [39m[38;5;141m0.5[39m
[38;5;15m    [39m[38;5;204mPOST_NMS_TOPK_TEST[39m[38;5;15m:[39m[38;5;15m [39m[38;5;141m1000[39m
[38;5;15m    [39m[38;5;204mPOST_NMS_TOPK_TRAIN[39m[38;5;15m:[39m[38;5;15m [39m[38;5;141m2000[39m
[38;5;15m    [39m[38;5;204mPRE_NMS_TOPK_TEST[39m[38;5;15m:[39m[38;5;15m [39m[38;5;141m1000[39m
[38;5;15m    [39m[38;5;204mPRE_NMS_TOPK_TRAIN[39m[38;5;15m:[39m[38;5;15m [39m[38;5;141m2000[39m
[38;5;15m    [39m[38;5;204mSMOOTH_L1_BETA[39m[38;5;15m:[39m[38;5;15m [39m[38;5;141m0.0[39m
[38;5;15m  [39m[38;5;204mSEM_SEG_HEAD[39m[38;5;15m:[39m
[38;5;15m    [39m[38;5;204mCOMMON_STRIDE[39m[38;5;15m:[39m[38;5;15m [39m[38;5;141m4[39m
[38;5;15m    [39m[38;5;204mCONVS_DIM[39m[38;5;15m:[39m[38;5;15m [39m[38;5;141m128[39m
[38;5;15m    [39m[38;5;204mIGNORE_VALUE[39m[38;5;15m:[39m[38;5;15m [39m[38;5;141m255[39m
[38;5;15m    [39m[38;5;204mIN_FEATURES[39m[38;5;15m:[39m
[38;5;15m    [39m[38;5;15m-[39m[38;5;15m [39m[38;5;141mp2[39m
[38;5;15m    [39m[38;5;15m-[39m[38;5;15m [39m[38;5;141mp3[39m
[38;5;15m    [39m[38;5;15m-[39m[38;5;15m [39m[38;5;141mp4[39m
[38;5;15m    [39m[38;5;15m-[39m[38;5;15m [39m[38;5;141mp5[39m
[38;5;15m    [39m[38;5;204mLOSS_WEIGHT[39m[38;5;15m:[39m[38;5;15m [39m[38;5;141m1.0[39m
[38;5;15m    [39m[38;5;204mNAME[39m[38;5;15m:[39m[38;5;15m [39m[38;5;141mSemSegFPNHead[39m
[38;5;15m    [39m[38;5;204mNORM[39m[38;5;15m:[39m[38;5;15m [39m[38;5;141mGN[39m
[38;5;15m    [39m[38;5;204mNUM_CLASSES[39m[38;5;15m:[39m[38;5;15m [39m[38;5;141m54[39m
[38;5;15m  [39m[38;5;204mVIT[39m[38;5;15m:[39m
[38;5;15m    [39m[38;5;204mDROP_PATH[39m[38;5;15m:[39m[38;5;15m [39m[38;5;141m0.1[39m
[38;5;15m    [39m[38;5;204mIMG_SIZE[39m[38;5;15m:[39m
[38;5;15m    [39m[38;5;15m-[39m[38;5;15m [39m[38;5;141m224[39m
[38;5;15m    [39m[38;5;15m-[39m[38;5;15m [39m[38;5;141m224[39m
[38;5;15m    [39m[38;5;204mMERGE_TYPE[39m[38;5;15m:[39m[38;5;15m [39m[38;5;141mSum[39m
[38;5;15m    [39m[38;5;204mMODEL_KWARGS[39m[38;5;15m:[39m[38;5;15m [39m[38;5;186m'[39m[38;5;186m{}[39m[38;5;186m'[39m
[38;5;15m    [39m[38;5;204mNAME[39m[38;5;15m:[39m[38;5;15m [39m[38;5;141mVGT_dit_base_patch16[39m
[38;5;15m    [39m[38;5;204mOUT_FEATURES[39m[38;5;15m:[39m
[38;5;15m    [39m[38;5;15m-[39m[38;5;15m [39m[38;5;141mlayer3[39m
[38;5;15m    [39m[38;5;15m-[39m[38;5;15m [39m[38;5;141mlayer5[39m
[38;5;15m    [39m[38;5;15m-[39m[38;5;15m [39m[38;5;141mlayer7[39m
[38;5;15m    [39m[38;5;15m-[39m[38;5;15m [39m[38;5;141mlayer11[39m
[38;5;15m    [39m[38;5;204mPOS_TYPE[39m[38;5;15m:[39m[38;5;15m [39m[38;5;141mabs[39m
[38;5;15m  [39m[38;5;204mWEIGHTS[39m[38;5;15m:[39m[38;5;15m [39m[38;5;141m/home/ng6309/datascience/rakesh/VGT/finetuned_models/D4LA_VGT_model.pth[39m
[38;5;15m  [39m[38;5;204mWORDGRID[39m[38;5;15m:[39m
[38;5;15m    [39m[38;5;204mEMBEDDING_DIM[39m[38;5;15m:[39m[38;5;15m [39m[38;5;141m64[39m
[38;5;15m    [39m[38;5;204mHIDDEN_SIZE[39m[38;5;15m:[39m[38;5;15m [39m[38;5;141m768[39m
[38;5;15m    [39m[38;5;204mMODEL_PATH[39m[38;5;15m:[39m[38;5;15m [39m[38;5;141m/path/layoutlm-base-uncased/[39m
[38;5;15m    [39m[38;5;204mUSE_PRETRAIN_WEIGHT[39m[38;5;15m:[39m[38;5;15m [39m[38;5;141mtrue[39m
[38;5;15m    [39m[38;5;204mUSE_UNK_TEXT[39m[38;5;15m:[39m[38;5;15m [39m[38;5;141mfalse[39m
[38;5;15m    [39m[38;5;204mVOCAB_SIZE[39m[38;5;15m:[39m[38;5;15m [39m[38;5;141m30552[39m
[38;5;204mOUTPUT_DIR[39m[38;5;15m:[39m[38;5;15m [39m[38;5;141m/home/ng6309/datascience/rakesh/VGT/outputs/sample_vgt_data/genai_pf_output/org_repo_model_output[39m
[38;5;204mSEED[39m[38;5;15m:[39m[38;5;15m [39m[38;5;141m42[39m
[38;5;204mSOLVER[39m[38;5;15m:[39m
[38;5;15m  [39m[38;5;204mAMP[39m[38;5;15m:[39m
[38;5;15m    [39m[38;5;204mENABLED[39m[38;5;15m:[39m[38;5;15m [39m[38;5;141mtrue[39m
[38;5;15m  [39m[38;5;204mBACKBONE_MULTIPLIER[39m[38;5;15m:[39m[38;5;15m [39m[38;5;141m1.0[39m
[38;5;15m  [39m[38;5;204mBASE_LR[39m[38;5;15m:[39m[38;5;15m [39m[38;5;141m0.0002[39m
[38;5;15m  [39m[38;5;204mBASE_LR_END[39m[38;5;15m:[39m[38;5;15m [39m[38;5;141m0.0[39m
[38;5;15m  [39m[38;5;204mBIAS_LR_FACTOR[39m[38;5;15m:[39m[38;5;15m [39m[38;5;141m1.0[39m
[38;5;15m  [39m[38;5;204mCHECKPOINT_PERIOD[39m[38;5;15m:[39m[38;5;15m [39m[38;5;141m5000[39m
[38;5;15m  [39m[38;5;204mCLIP_GRADIENTS[39m[38;5;15m:[39m
[38;5;15m    [39m[38;5;204mCLIP_TYPE[39m[38;5;15m:[39m[38;5;15m [39m[38;5;141mfull_model[39m
[38;5;15m    [39m[38;5;204mCLIP_VALUE[39m[38;5;15m:[39m[38;5;15m [39m[38;5;141m1.0[39m
[38;5;15m    [39m[38;5;204mENABLED[39m[38;5;15m:[39m[38;5;15m [39m[38;5;141mtrue[39m
[38;5;15m    [39m[38;5;204mNORM_TYPE[39m[38;5;15m:[39m[38;5;15m [39m[38;5;141m2.0[39m
[38;5;15m  [39m[38;5;204mGAMMA[39m[38;5;15m:[39m[38;5;15m [39m[38;5;141m0.1[39m
[38;5;15m  [39m[38;5;204mIMS_PER_BATCH[39m[38;5;15m:[39m[38;5;15m [39m[38;5;141m12[39m
[38;5;15m  [39m[38;5;204mLR_SCHEDULER_NAME[39m[38;5;15m:[39m[38;5;15m [39m[38;5;141mWarmupCosineLR[39m
[38;5;15m  [39m[38;5;204mMAX_ITER[39m[38;5;15m:[39m[38;5;15m [39m[38;5;141m20000[39m
[38;5;15m  [39m[38;5;204mMOMENTUM[39m[38;5;15m:[39m[38;5;15m [39m[38;5;141m0.9[39m
[38;5;15m  [39m[38;5;204mNESTEROV[39m[38;5;15m:[39m[38;5;15m [39m[38;5;141mfalse[39m
[38;5;15m  [39m[38;5;204mNUM_DECAYS[39m[38;5;15m:[39m[38;5;15m [39m[38;5;141m3[39m
[38;5;15m  [39m[38;5;204mOPTIMIZER[39m[38;5;15m:[39m[38;5;15m [39m[38;5;141mADAMW[39m
[38;5;15m  [39m[38;5;204mREFERENCE_WORLD_SIZE[39m[38;5;15m:[39m[38;5;15m [39m[38;5;141m0[39m
[38;5;15m  [39m[38;5;204mRESCALE_INTERVAL[39m[38;5;15m:[39m[38;5;15m [39m[38;5;141mfalse[39m
[38;5;15m  [39m[38;5;204mSTEPS[39m[38;5;15m:[39m
[38;5;15m  [39m[38;5;15m-[39m[38;5;15m [39m[38;5;141m6000[39m
[38;5;15m  [39m[38;5;15m-[39m[38;5;15m [39m[38;5;141m8000[39m
[38;5;15m  [39m[38;5;204mWARMUP_FACTOR[39m[38;5;15m:[39m[38;5;15m [39m[38;5;141m0.01[39m
[38;5;15m  [39m[38;5;204mWARMUP_ITERS[39m[38;5;15m:[39m[38;5;15m [39m[38;5;141m100[39m
[38;5;15m  [39m[38;5;204mWARMUP_METHOD[39m[38;5;15m:[39m[38;5;15m [39m[38;5;141mlinear[39m
[38;5;15m  [39m[38;5;204mWEIGHT_DECAY[39m[38;5;15m:[39m[38;5;15m [39m[38;5;141m0.05[39m
[38;5;15m  [39m[38;5;204mWEIGHT_DECAY_BIAS[39m[38;5;15m:[39m[38;5;15m [39m[38;5;141mnull[39m
[38;5;15m  [39m[38;5;204mWEIGHT_DECAY_NORM[39m[38;5;15m:[39m[38;5;15m [39m[38;5;141m0.0[39m
[38;5;204mTEST[39m[38;5;15m:[39m
[38;5;15m  [39m[38;5;204mAUG[39m[38;5;15m:[39m
[38;5;15m    [39m[38;5;204mENABLED[39m[38;5;15m:[39m[38;5;15m [39m[38;5;141mfalse[39m
[38;5;15m    [39m[38;5;204mFLIP[39m[38;5;15m:[39m[38;5;15m [39m[38;5;141mtrue[39m
[38;5;15m    [39m[38;5;204mMAX_SIZE[39m[38;5;15m:[39m[38;5;15m [39m[38;5;141m4000[39m
[38;5;15m    [39m[38;5;204mMIN_SIZES[39m[38;5;15m:[39m
[38;5;15m    [39m[38;5;15m-[39m[38;5;15m [39m[38;5;141m400[39m
[38;5;15m    [39m[38;5;15m-[39m[38;5;15m [39m[38;5;141m500[39m
[38;5;15m    [39m[38;5;15m-[39m[38;5;15m [39m[38;5;141m600[39m
[38;5;15m    [39m[38;5;15m-[39m[38;5;15m [39m[38;5;141m700[39m
[38;5;15m    [39m[38;5;15m-[39m[38;5;15m [39m[38;5;141m800[39m
[38;5;15m    [39m[38;5;15m-[39m[38;5;15m [39m[38;5;141m900[39m
[38;5;15m    [39m[38;5;15m-[39m[38;5;15m [39m[38;5;141m1000[39m
[38;5;15m    [39m[38;5;15m-[39m[38;5;15m [39m[38;5;141m1100[39m
[38;5;15m    [39m[38;5;15m-[39m[38;5;15m [39m[38;5;141m1200[39m
[38;5;15m  [39m[38;5;204mDETECTIONS_PER_IMAGE[39m[38;5;15m:[39m[38;5;15m [39m[38;5;141m100[39m
[38;5;15m  [39m[38;5;204mEVAL_PERIOD[39m[38;5;15m:[39m[38;5;15m [39m[38;5;141m2000[39m
[38;5;15m  [39m[38;5;204mEXPECTED_RESULTS[39m[38;5;15m:[39m[38;5;15m [39m[38;5;15m[[39m[38;5;15m][39m
[38;5;15m  [39m[38;5;204mKEYPOINT_OKS_SIGMAS[39m[38;5;15m:[39m[38;5;15m [39m[38;5;15m[[39m[38;5;15m][39m
[38;5;15m  [39m[38;5;204mPRECISE_BN[39m[38;5;15m:[39m
[38;5;15m    [39m[38;5;204mENABLED[39m[38;5;15m:[39m[38;5;15m [39m[38;5;141mfalse[39m
[38;5;15m    [39m[38;5;204mNUM_ITER[39m[38;5;15m:[39m[38;5;15m [39m[38;5;141m200[39m
[38;5;204mVERSION[39m[38;5;15m:[39m[38;5;15m [39m[38;5;141m2[39m
[38;5;204mVIS_PERIOD[39m[38;5;15m:[39m[38;5;15m [39m[38;5;141m0[39m

[02/26 13:51:30 detectron2]: Full config saved to /home/ng6309/datascience/rakesh/VGT/outputs/sample_vgt_data/genai_pf_output/org_repo_model_output/config.yaml
[02/26 13:51:31 detectron2]: Merge using: Sum
Some weights of LayoutLMForTokenClassification were not initialized from the model checkpoint at microsoft/layoutlm-base-uncased and are newly initialized: ['classifier.bias', 'classifier.weight']
You should probably TRAIN this model on a down-stream task to be able to use it for predictions and inference.
[02/26 13:51:33 detectron2]: Model: Trainable network params num : 243,345,519
WARNING [02/26 13:51:33 d2.data.datasets.coco]: 
Category ids in annotations are not in [1, #categories]! We'll apply a mapping for you.

[02/26 13:51:33 d2.data.datasets.coco]: Loaded 679 images in COCO format from /home/ng6309/datascience/rakesh/VGT/outputs/sample_vgt_data/genai_pf_output/chunking_training_data/json/train.json
[02/26 13:51:33 d2.data.build]: Distribution of instances among all 9 categories:
|   category   | #instances   |   category   | #instances   |  category   | #instances   |
|:------------:|:-------------|:------------:|:-------------|:-----------:|:-------------|
| LetterFooter | 97           | LetterHeader | 578          | LetterSign  | 514          |
|   ParaText   | 1457         |   RegionKV   | 9734         | Regiontitle | 508          |
|  SignStamp   | 376          |    Table     | 445          |    Title    | 457          |
|              |              |              |              |             |              |
|    total     | 14166        |              |              |             |              |
[02/26 13:51:33 d2.data.build]: Using training sampler TrainingSampler
[02/26 13:51:33 d2.data.common]: Serializing the dataset using: <class 'detectron2.data.common._TorchSerializedList'>
[02/26 13:51:33 d2.data.common]: Serializing 679 elements to byte tensors and concatenating them all ...
[02/26 13:51:33 d2.data.common]: Serialized dataset takes 0.98 MiB
[02/26 13:51:33 d2.data.build]: Making batched data loader with batch_size=12
False
<class 'bool'>
[02/26 13:51:33 d2.engine.train_loop]: Starting training from iteration 0
/home/ng6309/datascience/krishna/genai_env/lib/python3.11/site-packages/torch/utils/checkpoint.py:464: UserWarning: torch.utils.checkpoint: the use_reentrant parameter should be passed explicitly. In version 2.4 we will raise an exception if use_reentrant is not passed. use_reentrant=False is recommended, but if you need to preserve the current default behavior, you can pass use_reentrant=True. Refer to docs for more details on the differences between the two variants.
  warnings.warn(
/home/ng6309/datascience/krishna/genai_env/lib/python3.11/site-packages/torch/functional.py:512: UserWarning: torch.meshgrid: in an upcoming release, it will be required to pass the indexing argument. (Triggered internally at ../aten/src/ATen/native/TensorShape.cpp:3587.)
  return _VF.meshgrid(tensors, **kwargs)  # type: ignore[attr-defined]
WARNING [02/26 13:51:38 detectron2]: Out of memory
WARNING [02/26 13:51:38 detectron2]: Out of memory
WARNING [02/26 13:51:38 detectron2]: Out of memory
WARNING [02/26 13:51:38 detectron2]: Out of memory
WARNING [02/26 13:51:38 detectron2]: Out of memory
WARNING [02/26 13:51:39 detectron2]: Out of memory
WARNING [02/26 13:51:39 detectron2]: Out of memory
WARNING [02/26 13:51:39 detectron2]: Out of memory
WARNING [02/26 13:51:39 detectron2]: Out of memory
WARNING [02/26 13:51:39 detectron2]: Out of memory
WARNING [02/26 13:51:39 detectron2]: Out of memory
WARNING [02/26 13:51:39 detectron2]: Out of memory
WARNING [02/26 13:51:40 detectron2]: Out of memory
WARNING [02/26 13:51:40 detectron2]: Out of memory
WARNING [02/26 13:51:40 detectron2]: Out of memory
WARNING [02/26 13:51:40 detectron2]: Out of memory
WARNING [02/26 13:51:40 detectron2]: Out of memory
WARNING [02/26 13:51:40 detectron2]: Out of memory
WARNING [02/26 13:51:40 detectron2]: Out of memory
[02/26 13:51:40 d2.utils.events]:  eta: 0:43:34  iter: 19  total_loss: 12.01  loss_cls_stage0: 3.483  loss_box_reg_stage0: 0.006473  loss_cls_stage1: 3.363  loss_box_reg_stage1: 0.00632  loss_cls_stage2: 3.381  loss_box_reg_stage2: 0.005136  loss_rpn_cls: 0.6983  loss_rpn_loc: 1.067    time: 0.1367  last_time: 0.1158  data_time: 0.2662  last_data_time: 0.2662   lr: 3.9618e-05  max_mem: 44151M
WARNING [02/26 13:51:41 detectron2]: Out of memory
WARNING [02/26 13:51:41 detectron2]: Out of memory
WARNING [02/26 13:51:41 detectron2]: Out of memory
WARNING [02/26 13:51:41 detectron2]: Out of memory
WARNING [02/26 13:51:41 detectron2]: Out of memory
WARNING [02/26 13:51:41 detectron2]: Out of memory
WARNING [02/26 13:51:41 detectron2]: Out of memory
WARNING [02/26 13:51:42 detectron2]: Out of memory
WARNING [02/26 13:51:42 detectron2]: Out of memory
WARNING [02/26 13:51:42 detectron2]: Out of memory
WARNING [02/26 13:51:42 detectron2]: Out of memory
WARNING [02/26 13:51:42 detectron2]: Out of memory
WARNING [02/26 13:51:42 detectron2]: Out of memory
WARNING [02/26 13:51:42 detectron2]: Out of memory
WARNING [02/26 13:51:43 detectron2]: Out of memory
WARNING [02/26 13:51:43 detectron2]: Out of memory
WARNING [02/26 13:51:43 detectron2]: Out of memory
WARNING [02/26 13:51:43 detectron2]: Out of memory
WARNING [02/26 13:51:43 detectron2]: Out of memory
WARNING [02/26 13:51:43 detectron2]: Out of memory
[02/26 13:51:43 d2.utils.events]:  eta: 0:46:56  iter: 39  total_loss: 12.01  loss_cls_stage0: 3.483  loss_box_reg_stage0: 0.006473  loss_cls_stage1: 3.363  loss_box_reg_stage1: 0.00632  loss_cls_stage2: 3.381  loss_box_reg_stage2: 0.005136  loss_rpn_cls: 0.6983  loss_rpn_loc: 1.067    time: 0.1390  last_time: 0.1518  data_time: 0.2662  last_data_time: 0.2662   lr: 7.9215e-05  max_mem: 44151M
WARNING [02/26 13:51:43 detectron2]: Out of memory
WARNING [02/26 13:51:44 detectron2]: Out of memory
WARNING [02/26 13:51:44 detectron2]: Out of memory
WARNING [02/26 13:51:44 detectron2]: Out of memory
WARNING [02/26 13:51:44 detectron2]: Out of memory
WARNING [02/26 13:51:44 detectron2]: Out of memory
WARNING [02/26 13:51:44 detectron2]: Out of memory
WARNING [02/26 13:51:44 detectron2]: Out of memory
WARNING [02/26 13:51:45 detectron2]: Out of memory
WARNING [02/26 13:51:45 detectron2]: Out of memory
WARNING [02/26 13:51:45 detectron2]: Out of memory
WARNING [02/26 13:51:45 detectron2]: Out of memory
/home/ng6309/datascience/krishna/genai_env/lib/python3.11/site-packages/torch/utils/checkpoint.py:464: UserWarning: torch.utils.checkpoint: the use_reentrant parameter should be passed explicitly. In version 2.4 we will raise an exception if use_reentrant is not passed. use_reentrant=False is recommended, but if you need to preserve the current default behavior, you can pass use_reentrant=True. Refer to docs for more details on the differences between the two variants.
  warnings.warn(
WARNING [02/26 13:51:48 detectron2]: Out of memory
WARNING [02/26 13:51:49 detectron2]: Out of memory
WARNING [02/26 13:51:49 detectron2]: Out of memory
WARNING [02/26 13:51:49 detectron2]: Out of memory
WARNING [02/26 13:51:49 detectron2]: Out of memory
WARNING [02/26 13:51:49 detectron2]: Out of memory
WARNING [02/26 13:51:49 detectron2]: Out of memory
[02/26 13:51:49 d2.utils.events]:  eta: 0:46:05  iter: 59  total_loss: 11.9  loss_cls_stage0: 3.491  loss_box_reg_stage0: 0.004556  loss_cls_stage1: 3.37  loss_box_reg_stage1: 0.005917  loss_cls_stage2: 3.378  loss_box_reg_stage2: 0.004462  loss_rpn_cls: 0.697  loss_rpn_loc: 0.9466    time: 0.1948  last_time: 0.1236  data_time: 0.0388  last_data_time: 0.0388   lr: 0.00011881  max_mem: 44151M
WARNING [02/26 13:51:49 detectron2]: Out of memory
WARNING [02/26 13:51:50 detectron2]: Out of memory
WARNING [02/26 13:51:50 detectron2]: Out of memory
WARNING [02/26 13:51:50 detectron2]: Out of memory
WARNING [02/26 13:51:50 detectron2]: Out of memory
WARNING [02/26 13:51:50 detectron2]: Out of memory
WARNING [02/26 13:51:50 detectron2]: Out of memory
WARNING [02/26 13:51:50 detectron2]: Out of memory
WARNING [02/26 13:51:51 detectron2]: Out of memory
WARNING [02/26 13:51:51 detectron2]: Out of memory
WARNING [02/26 13:51:51 detectron2]: Out of memory
WARNING [02/26 13:51:51 detectron2]: Out of memory
WARNING [02/26 13:51:51 detectron2]: Out of memory
WARNING [02/26 13:51:51 detectron2]: Out of memory
WARNING [02/26 13:51:51 detectron2]: Out of memory
WARNING [02/26 13:51:51 detectron2]: Out of memory
WARNING [02/26 13:51:52 detectron2]: Out of memory
WARNING [02/26 13:51:52 detectron2]: Out of memory
WARNING [02/26 13:51:52 detectron2]: Out of memory
WARNING [02/26 13:51:52 detectron2]: Out of memory
[02/26 13:51:52 d2.utils.events]:  eta: 0:45:04  iter: 79  total_loss: 11.9  loss_cls_stage0: 3.491  loss_box_reg_stage0: 0.004556  loss_cls_stage1: 3.37  loss_box_reg_stage1: 0.005917  loss_cls_stage2: 3.378  loss_box_reg_stage2: 0.004462  loss_rpn_cls: 0.697  loss_rpn_loc: 0.9466    time: 0.1800  last_time: 0.1438  data_time: 0.0388  last_data_time: 0.0388   lr: 0.00015841  max_mem: 44151M
WARNING [02/26 13:51:52 detectron2]: Out of memory
WARNING [02/26 13:51:52 detectron2]: Out of memory
WARNING [02/26 13:51:52 detectron2]: Out of memory
WARNING [02/26 13:51:53 detectron2]: Out of memory
WARNING [02/26 13:51:53 detectron2]: Out of memory
WARNING [02/26 13:51:53 detectron2]: Out of memory
WARNING [02/26 13:51:53 detectron2]: Out of memory
WARNING [02/26 13:51:53 detectron2]: Out of memory
WARNING [02/26 13:51:53 detectron2]: Out of memory
WARNING [02/26 13:51:53 detectron2]: Out of memory
WARNING [02/26 13:51:54 detectron2]: Out of memory
WARNING [02/26 13:51:54 detectron2]: Out of memory
WARNING [02/26 13:51:54 detectron2]: Out of memory
WARNING [02/26 13:51:54 detectron2]: Out of memory
WARNING [02/26 13:51:54 detectron2]: Out of memory
WARNING [02/26 13:51:54 detectron2]: Out of memory
WARNING [02/26 13:51:54 detectron2]: Out of memory
WARNING [02/26 13:51:54 detectron2]: Out of memory
WARNING [02/26 13:51:55 detectron2]: Out of memory
WARNING [02/26 13:51:55 detectron2]: Out of memory
[02/26 13:51:55 d2.utils.events]:  eta: 0:44:26  iter: 99  total_loss: 11.9  loss_cls_stage0: 3.491  loss_box_reg_stage0: 0.004556  loss_cls_stage1: 3.37  loss_box_reg_stage1: 0.005917  loss_cls_stage2: 3.378  loss_box_reg_stage2: 0.004462  loss_rpn_cls: 0.697  loss_rpn_loc: 0.9466    time: 0.1717  last_time: 0.2052  data_time: 0.0388  last_data_time: 0.0388   lr: 0.00019801  max_mem: 44151M
WARNING [02/26 13:51:55 detectron2]: Out of memory
WARNING [02/26 13:51:55 detectron2]: Out of memory
WARNING [02/26 13:51:55 detectron2]: Out of memory
WARNING [02/26 13:51:55 detectron2]: Out of memory
WARNING [02/26 13:51:55 detectron2]: Out of memory
WARNING [02/26 13:51:56 detectron2]: Out of memory
WARNING [02/26 13:51:56 detectron2]: Out of memory
WARNING [02/26 13:51:56 detectron2]: Out of memory
/home/ng6309/datascience/krishna/genai_env/lib/python3.11/site-packages/torch/utils/checkpoint.py:464: UserWarning: torch.utils.checkpoint: the use_reentrant parameter should be passed explicitly. In version 2.4 we will raise an exception if use_reentrant is not passed. use_reentrant=False is recommended, but if you need to preserve the current default behavior, you can pass use_reentrant=True. Refer to docs for more details on the differences between the two variants.
  warnings.warn(
WARNING [02/26 13:51:59 detectron2]: Out of memory
WARNING [02/26 13:51:59 detectron2]: Out of memory
WARNING [02/26 13:51:59 detectron2]: Out of memory
WARNING [02/26 13:51:59 detectron2]: Out of memory
WARNING [02/26 13:51:59 detectron2]: Out of memory
WARNING [02/26 13:52:00 detectron2]: Out of memory
WARNING [02/26 13:52:00 detectron2]: Out of memory
WARNING [02/26 13:52:00 detectron2]: Out of memory
WARNING [02/26 13:52:00 detectron2]: Out of memory
WARNING [02/26 13:52:00 detectron2]: Out of memory
WARNING [02/26 13:52:00 detectron2]: Out of memory
[02/26 13:52:00 d2.utils.events]:  eta: 0:44:18  iter: 119  total_loss: 7.129  loss_cls_stage0: 1.916  loss_box_reg_stage0: 0.01285  loss_cls_stage1: 1.668  loss_box_reg_stage1: 0.008997  loss_cls_stage2: 1.994  loss_box_reg_stage2: 0.01353  loss_rpn_cls: 0.6927  loss_rpn_loc: 0.8227    time: 0.1891  last_time: 0.1359  data_time: 0.0631  last_data_time: 0.0631   lr: 0.00019998  max_mem: 44151M
WARNING [02/26 13:52:00 detectron2]: Out of memory
WARNING [02/26 13:52:01 detectron2]: Out of memory
WARNING [02/26 13:52:01 detectron2]: Out of memory
WARNING [02/26 13:52:01 detectron2]: Out of memory
WARNING [02/26 13:52:01 detectron2]: Out of memory
WARNING [02/26 13:52:01 detectron2]: Out of memory
WARNING [02/26 13:52:01 detectron2]: Out of memory
WARNING [02/26 13:52:01 detectron2]: Out of memory
WARNING [02/26 13:52:01 detectron2]: Out of memory
WARNING [02/26 13:52:02 detectron2]: Out of memory
WARNING [02/26 13:52:02 detectron2]: Out of memory
WARNING [02/26 13:52:02 detectron2]: Out of memory
WARNING [02/26 13:52:02 detectron2]: Out of memory
WARNING [02/26 13:52:02 detectron2]: Out of memory
WARNING [02/26 13:52:02 detectron2]: Out of memory
WARNING [02/26 13:52:02 detectron2]: Out of memory
WARNING [02/26 13:52:03 detectron2]: Out of memory
WARNING [02/26 13:52:03 detectron2]: Out of memory
WARNING [02/26 13:52:03 detectron2]: Out of memory
WARNING [02/26 13:52:03 detectron2]: Out of memory
[02/26 13:52:03 d2.utils.events]:  eta: 0:43:26  iter: 139  total_loss: 7.129  loss_cls_stage0: 1.916  loss_box_reg_stage0: 0.01285  loss_cls_stage1: 1.668  loss_box_reg_stage1: 0.008997  loss_cls_stage2: 1.994  loss_box_reg_stage2: 0.01353  loss_rpn_cls: 0.6927  loss_rpn_loc: 0.8227    time: 0.1802  last_time: 0.1004  data_time: 0.0631  last_data_time: 0.0631   lr: 0.00019998  max_mem: 44151M
WARNING [02/26 13:52:03 detectron2]: Out of memory
WARNING [02/26 13:52:03 detectron2]: Out of memory
WARNING [02/26 13:52:03 detectron2]: Out of memory
WARNING [02/26 13:52:03 detectron2]: Out of memory
WARNING [02/26 13:52:03 detectron2]: Out of memory
WARNING [02/26 13:52:04 detectron2]: Out of memory
WARNING [02/26 13:52:04 detectron2]: Out of memory
WARNING [02/26 13:52:04 detectron2]: Out of memory
WARNING [02/26 13:52:04 detectron2]: Out of memory
WARNING [02/26 13:52:04 detectron2]: Out of memory
WARNING [02/26 13:52:04 detectron2]: Out of memory
WARNING [02/26 13:52:05 detectron2]: Out of memory
WARNING [02/26 13:52:05 detectron2]: Out of memory
WARNING [02/26 13:52:05 detectron2]: Out of memory
WARNING [02/26 13:52:05 detectron2]: Out of memory
WARNING [02/26 13:52:05 detectron2]: Out of memory
WARNING [02/26 13:52:05 detectron2]: Out of memory
WARNING [02/26 13:52:05 detectron2]: Out of memory
WARNING [02/26 13:52:06 detectron2]: Out of memory
WARNING [02/26 13:52:06 detectron2]: Out of memory
[02/26 13:52:06 d2.utils.events]:  eta: 0:42:44  iter: 159  total_loss: 7.129  loss_cls_stage0: 1.916  loss_box_reg_stage0: 0.01285  loss_cls_stage1: 1.668  loss_box_reg_stage1: 0.008997  loss_cls_stage2: 1.994  loss_box_reg_stage2: 0.01353  loss_rpn_cls: 0.6927  loss_rpn_loc: 0.8227    time: 0.1751  last_time: 0.1071  data_time: 0.0631  last_data_time: 0.0631   lr: 0.00019997  max_mem: 44151M
WARNING [02/26 13:52:06 detectron2]: Out of memory
WARNING [02/26 13:52:06 detectron2]: Out of memory
WARNING [02/26 13:52:06 detectron2]: Out of memory
WARNING [02/26 13:52:06 detectron2]: Out of memory
WARNING [02/26 13:52:06 detectron2]: Out of memory
WARNING [02/26 13:52:07 detectron2]: Out of memory
WARNING [02/26 13:52:07 detectron2]: Out of memory
WARNING [02/26 13:52:07 detectron2]: Out of memory
WARNING [02/26 13:52:07 detectron2]: Out of memory
WARNING [02/26 13:52:07 detectron2]: Out of memory
WARNING [02/26 13:52:07 detectron2]: Out of memory
WARNING [02/26 13:52:07 detectron2]: Out of memory
WARNING [02/26 13:52:08 detectron2]: Out of memory
WARNING [02/26 13:52:08 detectron2]: Out of memory
WARNING [02/26 13:52:08 detectron2]: Out of memory
WARNING [02/26 13:52:08 detectron2]: Out of memory
WARNING [02/26 13:52:08 detectron2]: Out of memory
WARNING [02/26 13:52:08 detectron2]: Out of memory
WARNING [02/26 13:52:08 detectron2]: Out of memory
WARNING [02/26 13:52:08 detectron2]: Out of memory
[02/26 13:52:08 d2.utils.events]:  eta: 0:43:31  iter: 179  total_loss: 7.129  loss_cls_stage0: 1.916  loss_box_reg_stage0: 0.01285  loss_cls_stage1: 1.668  loss_box_reg_stage1: 0.008997  loss_cls_stage2: 1.994  loss_box_reg_stage2: 0.01353  loss_rpn_cls: 0.6927  loss_rpn_loc: 0.8227    time: 0.1710  last_time: 0.0971  data_time: 0.0631  last_data_time: 0.0631   lr: 0.00019996  max_mem: 44151M
WARNING [02/26 13:52:09 detectron2]: Out of memory
WARNING [02/26 13:52:09 detectron2]: Out of memory
WARNING [02/26 13:52:09 detectron2]: Out of memory
WARNING [02/26 13:52:09 detectron2]: Out of memory
WARNING [02/26 13:52:09 detectron2]: Out of memory
WARNING [02/26 13:52:09 detectron2]: Out of memory
WARNING [02/26 13:52:09 detectron2]: Out of memory
WARNING [02/26 13:52:10 detectron2]: Out of memory
WARNING [02/26 13:52:10 detectron2]: Out of memory
WARNING [02/26 13:52:10 detectron2]: Out of memory
WARNING [02/26 13:52:10 detectron2]: Out of memory
WARNING [02/26 13:52:10 detectron2]: Out of memory
WARNING [02/26 13:52:10 detectron2]: Out of memory
WARNING [02/26 13:52:10 detectron2]: Out of memory
WARNING [02/26 13:52:11 detectron2]: Out of memory
WARNING [02/26 13:52:11 detectron2]: Out of memory
WARNING [02/26 13:52:11 detectron2]: Out of memory
WARNING [02/26 13:52:11 detectron2]: Out of memory
WARNING [02/26 13:52:11 detectron2]: Out of memory
WARNING [02/26 13:52:11 detectron2]: Out of memory
[02/26 13:52:11 d2.utils.events]:  eta: 0:43:48  iter: 199  total_loss: 7.129  loss_cls_stage0: 1.916  loss_box_reg_stage0: 0.01285  loss_cls_stage1: 1.668  loss_box_reg_stage1: 0.008997  loss_cls_stage2: 1.994  loss_box_reg_stage2: 0.01353  loss_rpn_cls: 0.6927  loss_rpn_loc: 0.8227    time: 0.1678  last_time: 0.2106  data_time: 0.0631  last_data_time: 0.0631   lr: 0.00019995  max_mem: 44151M
WARNING [02/26 13:52:11 detectron2]: Out of memory
WARNING [02/26 13:52:11 detectron2]: Out of memory
WARNING [02/26 13:52:12 detectron2]: Out of memory
WARNING [02/26 13:52:12 detectron2]: Out of memory
WARNING [02/26 13:52:12 detectron2]: Out of memory
WARNING [02/26 13:52:12 detectron2]: Out of memory
WARNING [02/26 13:52:12 detectron2]: Out of memory
WARNING [02/26 13:52:12 detectron2]: Out of memory
WARNING [02/26 13:52:12 detectron2]: Out of memory
WARNING [02/26 13:52:13 detectron2]: Out of memory
WARNING [02/26 13:52:13 detectron2]: Out of memory
WARNING [02/26 13:52:13 detectron2]: Out of memory
WARNING [02/26 13:52:13 detectron2]: Out of memory
WARNING [02/26 13:52:13 detectron2]: Out of memory
WARNING [02/26 13:52:13 detectron2]: Out of memory
WARNING [02/26 13:52:13 detectron2]: Out of memory
WARNING [02/26 13:52:13 detectron2]: Out of memory
WARNING [02/26 13:52:14 detectron2]: Out of memory
WARNING [02/26 13:52:14 detectron2]: Out of memory
WARNING [02/26 13:52:14 detectron2]: Out of memory
[02/26 13:52:14 d2.utils.events]:  eta: 0:43:45  iter: 219  total_loss: 7.129  loss_cls_stage0: 1.916  loss_box_reg_stage0: 0.01285  loss_cls_stage1: 1.668  loss_box_reg_stage1: 0.008997  loss_cls_stage2: 1.994  loss_box_reg_stage2: 0.01353  loss_rpn_cls: 0.6927  loss_rpn_loc: 0.8227    time: 0.1647  last_time: 0.1393  data_time: 0.0631  last_data_time: 0.0631   lr: 0.00019994  max_mem: 44151M
WARNING [02/26 13:52:14 detectron2]: Out of memory
WARNING [02/26 13:52:14 detectron2]: Out of memory
WARNING [02/26 13:52:14 detectron2]: Out of memory
WARNING [02/26 13:52:15 detectron2]: Out of memory
WARNING [02/26 13:52:15 detectron2]: Out of memory
WARNING [02/26 13:52:15 detectron2]: Out of memory
WARNING [02/26 13:52:15 detectron2]: Out of memory
WARNING [02/26 13:52:15 detectron2]: Out of memory
WARNING [02/26 13:52:15 detectron2]: Out of memory
WARNING [02/26 13:52:15 detectron2]: Out of memory
WARNING [02/26 13:52:15 detectron2]: Out of memory
WARNING [02/26 13:52:16 detectron2]: Out of memory
WARNING [02/26 13:52:16 detectron2]: Out of memory
WARNING [02/26 13:52:16 detectron2]: Out of memory
WARNING [02/26 13:52:16 detectron2]: Out of memory
WARNING [02/26 13:52:16 detectron2]: Out of memory
WARNING [02/26 13:52:16 detectron2]: Out of memory
WARNING [02/26 13:52:16 detectron2]: Out of memory
WARNING [02/26 13:52:16 detectron2]: Out of memory
WARNING [02/26 13:52:17 detectron2]: Out of memory
[02/26 13:52:17 d2.utils.events]:  eta: 0:42:54  iter: 239  total_loss: 7.129  loss_cls_stage0: 1.916  loss_box_reg_stage0: 0.01285  loss_cls_stage1: 1.668  loss_box_reg_stage1: 0.008997  loss_cls_stage2: 1.994  loss_box_reg_stage2: 0.01353  loss_rpn_cls: 0.6927  loss_rpn_loc: 0.8227    time: 0.1623  last_time: 0.1694  data_time: 0.0631  last_data_time: 0.0631   lr: 0.00019993  max_mem: 44151M
WARNING [02/26 13:52:17 detectron2]: Out of memory
WARNING [02/26 13:52:17 detectron2]: Out of memory
WARNING [02/26 13:52:17 detectron2]: Out of memory
WARNING [02/26 13:52:17 detectron2]: Out of memory
WARNING [02/26 13:52:17 detectron2]: Out of memory
WARNING [02/26 13:52:17 detectron2]: Out of memory
WARNING [02/26 13:52:18 detectron2]: Out of memory
WARNING [02/26 13:52:18 detectron2]: Out of memory
WARNING [02/26 13:52:18 detectron2]: Out of memory
WARNING [02/26 13:52:18 detectron2]: Out of memory
WARNING [02/26 13:52:18 detectron2]: Out of memory
WARNING [02/26 13:52:18 detectron2]: Out of memory
WARNING [02/26 13:52:18 detectron2]: Out of memory
WARNING [02/26 13:52:19 detectron2]: Out of memory
WARNING [02/26 13:52:19 detectron2]: Out of memory
WARNING [02/26 13:52:19 detectron2]: Out of memory
WARNING [02/26 13:52:19 detectron2]: Out of memory
WARNING [02/26 13:52:19 detectron2]: Out of memory
WARNING [02/26 13:52:19 detectron2]: Out of memory
WARNING [02/26 13:52:19 detectron2]: Out of memory
[02/26 13:52:19 d2.utils.events]:  eta: 0:43:20  iter: 259  total_loss: 7.129  loss_cls_stage0: 1.916  loss_box_reg_stage0: 0.01285  loss_cls_stage1: 1.668  loss_box_reg_stage1: 0.008997  loss_cls_stage2: 1.994  loss_box_reg_stage2: 0.01353  loss_rpn_cls: 0.6927  loss_rpn_loc: 0.8227    time: 0.1606  last_time: 0.1152  data_time: 0.0631  last_data_time: 0.0631   lr: 0.00019992  max_mem: 44151M
WARNING [02/26 13:52:20 detectron2]: Out of memory
WARNING [02/26 13:52:20 detectron2]: Out of memory
WARNING [02/26 13:52:20 detectron2]: Out of memory
WARNING [02/26 13:52:20 detectron2]: Out of memory
WARNING [02/26 13:52:20 detectron2]: Out of memory
WARNING [02/26 13:52:20 detectron2]: Out of memory
WARNING [02/26 13:52:21 detectron2]: Out of memory
WARNING [02/26 13:52:21 detectron2]: Out of memory
WARNING [02/26 13:52:21 detectron2]: Out of memory
WARNING [02/26 13:52:21 detectron2]: Out of memory
WARNING [02/26 13:52:21 detectron2]: Out of memory
WARNING [02/26 13:52:21 detectron2]: Out of memory
WARNING [02/26 13:52:21 detectron2]: Out of memory
WARNING [02/26 13:52:21 detectron2]: Out of memory
WARNING [02/26 13:52:22 detectron2]: Out of memory
WARNING [02/26 13:52:22 detectron2]: Out of memory
WARNING [02/26 13:52:22 detectron2]: Out of memory
WARNING [02/26 13:52:22 detectron2]: Out of memory
WARNING [02/26 13:52:22 detectron2]: Out of memory
WARNING [02/26 13:52:22 detectron2]: Out of memory
[02/26 13:52:22 d2.utils.events]:  eta: 0:43:31  iter: 279  total_loss: 7.129  loss_cls_stage0: 1.916  loss_box_reg_stage0: 0.01285  loss_cls_stage1: 1.668  loss_box_reg_stage1: 0.008997  loss_cls_stage2: 1.994  loss_box_reg_stage2: 0.01353  loss_rpn_cls: 0.6927  loss_rpn_loc: 0.8227    time: 0.1591  last_time: 0.0972  data_time: 0.0631  last_data_time: 0.0631   lr: 0.0001999  max_mem: 44151M
WARNING [02/26 13:52:22 detectron2]: Out of memory
WARNING [02/26 13:52:23 detectron2]: Out of memory
WARNING [02/26 13:52:23 detectron2]: Out of memory
WARNING [02/26 13:52:23 detectron2]: Out of memory
WARNING [02/26 13:52:23 detectron2]: Out of memory
WARNING [02/26 13:52:23 detectron2]: Out of memory
WARNING [02/26 13:52:23 detectron2]: Out of memory
WARNING [02/26 13:52:23 detectron2]: Out of memory
WARNING [02/26 13:52:24 detectron2]: Out of memory
WARNING [02/26 13:52:24 detectron2]: Out of memory
WARNING [02/26 13:52:24 detectron2]: Out of memory
WARNING [02/26 13:52:24 detectron2]: Out of memory
WARNING [02/26 13:52:24 detectron2]: Out of memory
WARNING [02/26 13:52:24 detectron2]: Out of memory
WARNING [02/26 13:52:24 detectron2]: Out of memory
WARNING [02/26 13:52:24 detectron2]: Out of memory
WARNING [02/26 13:52:25 detectron2]: Out of memory
WARNING [02/26 13:52:25 detectron2]: Out of memory
WARNING [02/26 13:52:25 detectron2]: Out of memory
WARNING [02/26 13:52:25 detectron2]: Out of memory
[02/26 13:52:25 d2.utils.events]:  eta: 0:43:12  iter: 299  total_loss: 7.129  loss_cls_stage0: 1.916  loss_box_reg_stage0: 0.01285  loss_cls_stage1: 1.668  loss_box_reg_stage1: 0.008997  loss_cls_stage2: 1.994  loss_box_reg_stage2: 0.01353  loss_rpn_cls: 0.6927  loss_rpn_loc: 0.8227    time: 0.1574  last_time: 0.1428  data_time: 0.0631  last_data_time: 0.0631   lr: 0.00019989  max_mem: 44151M
WARNING [02/26 13:52:25 detectron2]: Out of memory
WARNING [02/26 13:52:25 detectron2]: Out of memory
WARNING [02/26 13:52:25 detectron2]: Out of memory
WARNING [02/26 13:52:25 detectron2]: Out of memory
WARNING [02/26 13:52:26 detectron2]: Out of memory
WARNING [02/26 13:52:26 detectron2]: Out of memory
WARNING [02/26 13:52:26 detectron2]: Out of memory
WARNING [02/26 13:52:26 detectron2]: Out of memory
WARNING [02/26 13:52:26 detectron2]: Out of memory
WARNING [02/26 13:52:26 detectron2]: Out of memory
WARNING [02/26 13:52:26 detectron2]: Out of memory
WARNING [02/26 13:52:27 detectron2]: Out of memory
WARNING [02/26 13:52:27 detectron2]: Out of memory
WARNING [02/26 13:52:27 detectron2]: Out of memory
WARNING [02/26 13:52:27 detectron2]: Out of memory
WARNING [02/26 13:52:27 detectron2]: Out of memory
WARNING [02/26 13:52:27 detectron2]: Out of memory
WARNING [02/26 13:52:27 detectron2]: Out of memory
WARNING [02/26 13:52:28 detectron2]: Out of memory
WARNING [02/26 13:52:28 detectron2]: Out of memory
[02/26 13:52:28 d2.utils.events]:  eta: 0:43:16  iter: 319  total_loss: 7.129  loss_cls_stage0: 1.916  loss_box_reg_stage0: 0.01285  loss_cls_stage1: 1.668  loss_box_reg_stage1: 0.008997  loss_cls_stage2: 1.994  loss_box_reg_stage2: 0.01353  loss_rpn_cls: 0.6927  loss_rpn_loc: 0.8227    time: 0.1560  last_time: 0.1160  data_time: 0.0631  last_data_time: 0.0631   lr: 0.00019987  max_mem: 44151M
WARNING [02/26 13:52:28 detectron2]: Out of memory
WARNING [02/26 13:52:28 detectron2]: Out of memory
WARNING [02/26 13:52:28 detectron2]: Out of memory
WARNING [02/26 13:52:28 detectron2]: Out of memory
WARNING [02/26 13:52:28 detectron2]: Out of memory
WARNING [02/26 13:52:28 detectron2]: Out of memory
WARNING [02/26 13:52:29 detectron2]: Out of memory
WARNING [02/26 13:52:29 detectron2]: Out of memory
WARNING [02/26 13:52:29 detectron2]: Out of memory
WARNING [02/26 13:52:29 detectron2]: Out of memory
WARNING [02/26 13:52:29 detectron2]: Out of memory
WARNING [02/26 13:52:29 detectron2]: Out of memory
WARNING [02/26 13:52:30 detectron2]: Out of memory
WARNING [02/26 13:52:30 detectron2]: Out of memory
WARNING [02/26 13:52:30 detectron2]: Out of memory
WARNING [02/26 13:52:30 detectron2]: Out of memory
WARNING [02/26 13:52:30 detectron2]: Out of memory
WARNING [02/26 13:52:30 detectron2]: Out of memory
WARNING [02/26 13:52:30 detectron2]: Out of memory
WARNING [02/26 13:52:31 detectron2]: Out of memory
[02/26 13:52:31 d2.utils.events]:  eta: 0:43:20  iter: 339  total_loss: 7.129  loss_cls_stage0: 1.916  loss_box_reg_stage0: 0.01285  loss_cls_stage1: 1.668  loss_box_reg_stage1: 0.008997  loss_cls_stage2: 1.994  loss_box_reg_stage2: 0.01353  loss_rpn_cls: 0.6927  loss_rpn_loc: 0.8227    time: 0.1554  last_time: 0.1506  data_time: 0.0631  last_data_time: 0.0631   lr: 0.00019986  max_mem: 44151M
WARNING [02/26 13:52:31 detectron2]: Out of memory
WARNING [02/26 13:52:31 detectron2]: Out of memory
WARNING [02/26 13:52:31 detectron2]: Out of memory
WARNING [02/26 13:52:31 detectron2]: Out of memory
WARNING [02/26 13:52:31 detectron2]: Out of memory
WARNING [02/26 13:52:31 detectron2]: Out of memory
WARNING [02/26 13:52:32 detectron2]: Out of memory
WARNING [02/26 13:52:32 detectron2]: Out of memory
WARNING [02/26 13:52:32 detectron2]: Out of memory
WARNING [02/26 13:52:32 detectron2]: Out of memory
WARNING [02/26 13:52:32 detectron2]: Out of memory
WARNING [02/26 13:52:32 detectron2]: Out of memory
WARNING [02/26 13:52:32 detectron2]: Out of memory
WARNING [02/26 13:52:32 detectron2]: Out of memory
WARNING [02/26 13:52:33 detectron2]: Out of memory
WARNING [02/26 13:52:33 detectron2]: Out of memory
WARNING [02/26 13:52:33 detectron2]: Out of memory
WARNING [02/26 13:52:33 detectron2]: Out of memory
WARNING [02/26 13:52:33 detectron2]: Out of memory
WARNING [02/26 13:52:33 detectron2]: Out of memory
[02/26 13:52:33 d2.utils.events]:  eta: 0:43:17  iter: 359  total_loss: 7.129  loss_cls_stage0: 1.916  loss_box_reg_stage0: 0.01285  loss_cls_stage1: 1.668  loss_box_reg_stage1: 0.008997  loss_cls_stage2: 1.994  loss_box_reg_stage2: 0.01353  loss_rpn_cls: 0.6927  loss_rpn_loc: 0.8227    time: 0.1544  last_time: 0.1086  data_time: 0.0631  last_data_time: 0.0631   lr: 0.00019984  max_mem: 44151M
WARNING [02/26 13:52:34 detectron2]: Out of memory
WARNING [02/26 13:52:34 detectron2]: Out of memory
WARNING [02/26 13:52:34 detectron2]: Out of memory
WARNING [02/26 13:52:34 detectron2]: Out of memory
WARNING [02/26 13:52:34 detectron2]: Out of memory
WARNING [02/26 13:52:34 detectron2]: Out of memory
WARNING [02/26 13:52:34 detectron2]: Out of memory
WARNING [02/26 13:52:34 detectron2]: Out of memory
WARNING [02/26 13:52:35 detectron2]: Out of memory
WARNING [02/26 13:52:35 detectron2]: Out of memory
WARNING [02/26 13:52:35 detectron2]: Out of memory
WARNING [02/26 13:52:35 detectron2]: Out of memory
WARNING [02/26 13:52:35 detectron2]: Out of memory
WARNING [02/26 13:52:35 detectron2]: Out of memory
WARNING [02/26 13:52:35 detectron2]: Out of memory
WARNING [02/26 13:52:36 detectron2]: Out of memory
WARNING [02/26 13:52:36 detectron2]: Out of memory
WARNING [02/26 13:52:36 detectron2]: Out of memory
WARNING [02/26 13:52:36 detectron2]: Out of memory
WARNING [02/26 13:52:36 detectron2]: Out of memory
[02/26 13:52:36 d2.utils.events]:  eta: 0:43:08  iter: 379  total_loss: 7.129  loss_cls_stage0: 1.916  loss_box_reg_stage0: 0.01285  loss_cls_stage1: 1.668  loss_box_reg_stage1: 0.008997  loss_cls_stage2: 1.994  loss_box_reg_stage2: 0.01353  loss_rpn_cls: 0.6927  loss_rpn_loc: 0.8227    time: 0.1539  last_time: 0.1508  data_time: 0.0631  last_data_time: 0.0631   lr: 0.00019982  max_mem: 44151M
WARNING [02/26 13:52:36 detectron2]: Out of memory
WARNING [02/26 13:52:36 detectron2]: Out of memory
WARNING [02/26 13:52:37 detectron2]: Out of memory
WARNING [02/26 13:52:37 detectron2]: Out of memory
WARNING [02/26 13:52:37 detectron2]: Out of memory
WARNING [02/26 13:52:37 detectron2]: Out of memory
WARNING [02/26 13:52:37 detectron2]: Out of memory
WARNING [02/26 13:52:37 detectron2]: Out of memory
WARNING [02/26 13:52:37 detectron2]: Out of memory
WARNING [02/26 13:52:37 detectron2]: Out of memory
WARNING [02/26 13:52:38 detectron2]: Out of memory
WARNING [02/26 13:52:38 detectron2]: Out of memory
WARNING [02/26 13:52:38 detectron2]: Out of memory
WARNING [02/26 13:52:38 detectron2]: Out of memory
WARNING [02/26 13:52:38 detectron2]: Out of memory
WARNING [02/26 13:52:38 detectron2]: Out of memory
WARNING [02/26 13:52:38 detectron2]: Out of memory
WARNING [02/26 13:52:39 detectron2]: Out of memory
WARNING [02/26 13:52:39 detectron2]: Out of memory
WARNING [02/26 13:52:39 detectron2]: Out of memory
[02/26 13:52:39 d2.utils.events]:  eta: 0:42:54  iter: 399  total_loss: 7.129  loss_cls_stage0: 1.916  loss_box_reg_stage0: 0.01285  loss_cls_stage1: 1.668  loss_box_reg_stage1: 0.008997  loss_cls_stage2: 1.994  loss_box_reg_stage2: 0.01353  loss_rpn_cls: 0.6927  loss_rpn_loc: 0.8227    time: 0.1526  last_time: 0.1386  data_time: 0.0631  last_data_time: 0.0631   lr: 0.0001998  max_mem: 44151M
/home/ng6309/datascience/krishna/genai_env/lib/python3.11/site-packages/torch/utils/checkpoint.py:464: UserWarning: torch.utils.checkpoint: the use_reentrant parameter should be passed explicitly. In version 2.4 we will raise an exception if use_reentrant is not passed. use_reentrant=False is recommended, but if you need to preserve the current default behavior, you can pass use_reentrant=True. Refer to docs for more details on the differences between the two variants.
  warnings.warn(
WARNING [02/26 13:52:42 detectron2]: Out of memory
WARNING [02/26 13:52:42 detectron2]: Out of memory
WARNING [02/26 13:52:42 detectron2]: Out of memory
WARNING [02/26 13:52:42 detectron2]: Out of memory
WARNING [02/26 13:52:42 detectron2]: Out of memory
WARNING [02/26 13:52:42 detectron2]: Out of memory
WARNING [02/26 13:52:42 detectron2]: Out of memory
WARNING [02/26 13:52:43 detectron2]: Out of memory
WARNING [02/26 13:52:43 detectron2]: Out of memory
WARNING [02/26 13:52:43 detectron2]: Out of memory
WARNING [02/26 13:52:43 detectron2]: Out of memory
WARNING [02/26 13:52:43 detectron2]: Out of memory
WARNING [02/26 13:52:43 detectron2]: Out of memory
WARNING [02/26 13:52:43 detectron2]: Out of memory
WARNING [02/26 13:52:44 detectron2]: Out of memory
WARNING [02/26 13:52:44 detectron2]: Out of memory
WARNING [02/26 13:52:44 detectron2]: Out of memory
WARNING [02/26 13:52:44 detectron2]: Out of memory
WARNING [02/26 13:52:44 detectron2]: Out of memory
[02/26 13:52:44 d2.utils.events]:  eta: 0:42:56  iter: 419  total_loss: 6.946  loss_cls_stage0: 1.789  loss_box_reg_stage0: 0.006449  loss_cls_stage1: 1.522  loss_box_reg_stage1: 0.007092  loss_cls_stage2: 1.856  loss_box_reg_stage2: 0.009132  loss_rpn_cls: 0.6894  loss_rpn_loc: 1.066    time: 0.1580  last_time: 0.1071  data_time: 0.0102  last_data_time: 0.0102   lr: 0.00019978  max_mem: 44151M
WARNING [02/26 13:52:44 detectron2]: Out of memory
WARNING [02/26 13:52:44 detectron2]: Out of memory
WARNING [02/26 13:52:45 detectron2]: Out of memory
WARNING [02/26 13:52:45 detectron2]: Out of memory
WARNING [02/26 13:52:45 detectron2]: Out of memory
WARNING [02/26 13:52:45 detectron2]: Out of memory
WARNING [02/26 13:52:45 detectron2]: Out of memory
WARNING [02/26 13:52:45 detectron2]: Out of memory
WARNING [02/26 13:52:45 detectron2]: Out of memory
WARNING [02/26 13:52:46 detectron2]: Out of memory
WARNING [02/26 13:52:46 detectron2]: Out of memory
WARNING [02/26 13:52:46 detectron2]: Out of memory
WARNING [02/26 13:52:46 detectron2]: Out of memory
WARNING [02/26 13:52:46 detectron2]: Out of memory
WARNING [02/26 13:52:46 detectron2]: Out of memory
WARNING [02/26 13:52:46 detectron2]: Out of memory
WARNING [02/26 13:52:47 detectron2]: Out of memory
WARNING [02/26 13:52:47 detectron2]: Out of memory
WARNING [02/26 13:52:47 detectron2]: Out of memory
WARNING [02/26 13:52:47 detectron2]: Out of memory
[02/26 13:52:47 d2.utils.events]:  eta: 0:42:53  iter: 439  total_loss: 6.946  loss_cls_stage0: 1.789  loss_box_reg_stage0: 0.006449  loss_cls_stage1: 1.522  loss_box_reg_stage1: 0.007092  loss_cls_stage2: 1.856  loss_box_reg_stage2: 0.009132  loss_rpn_cls: 0.6894  loss_rpn_loc: 1.066    time: 0.1575  last_time: 0.1883  data_time: 0.0102  last_data_time: 0.0102   lr: 0.00019976  max_mem: 44151M
WARNING [02/26 13:52:47 detectron2]: Out of memory
WARNING [02/26 13:52:47 detectron2]: Out of memory
WARNING [02/26 13:52:47 detectron2]: Out of memory
WARNING [02/26 13:52:48 detectron2]: Out of memory
WARNING [02/26 13:52:48 detectron2]: Out of memory
WARNING [02/26 13:52:48 detectron2]: Out of memory
WARNING [02/26 13:52:48 detectron2]: Out of memory
WARNING [02/26 13:52:48 detectron2]: Out of memory
WARNING [02/26 13:52:48 detectron2]: Out of memory
WARNING [02/26 13:52:48 detectron2]: Out of memory
WARNING [02/26 13:52:49 detectron2]: Out of memory
WARNING [02/26 13:52:49 detectron2]: Out of memory
WARNING [02/26 13:52:49 detectron2]: Out of memory
WARNING [02/26 13:52:49 detectron2]: Out of memory
WARNING [02/26 13:52:49 detectron2]: Out of memory
WARNING [02/26 13:52:49 detectron2]: Out of memory
WARNING [02/26 13:52:49 detectron2]: Out of memory
WARNING [02/26 13:52:50 detectron2]: Out of memory
WARNING [02/26 13:52:50 detectron2]: Out of memory
WARNING [02/26 13:52:50 detectron2]: Out of memory
[02/26 13:52:50 d2.utils.events]:  eta: 0:43:00  iter: 459  total_loss: 6.946  loss_cls_stage0: 1.789  loss_box_reg_stage0: 0.006449  loss_cls_stage1: 1.522  loss_box_reg_stage1: 0.007092  loss_cls_stage2: 1.856  loss_box_reg_stage2: 0.009132  loss_rpn_cls: 0.6894  loss_rpn_loc: 1.066    time: 0.1567  last_time: 0.1142  data_time: 0.0102  last_data_time: 0.0102   lr: 0.00019974  max_mem: 44151M
WARNING [02/26 13:52:50 detectron2]: Out of memory
WARNING [02/26 13:52:50 detectron2]: Out of memory
WARNING [02/26 13:52:50 detectron2]: Out of memory
WARNING [02/26 13:52:50 detectron2]: Out of memory
WARNING [02/26 13:52:51 detectron2]: Out of memory
WARNING [02/26 13:52:51 detectron2]: Out of memory
WARNING [02/26 13:52:51 detectron2]: Out of memory
WARNING [02/26 13:52:51 detectron2]: Out of memory
WARNING [02/26 13:52:51 detectron2]: Out of memory
WARNING [02/26 13:52:51 detectron2]: Out of memory
WARNING [02/26 13:52:51 detectron2]: Out of memory
WARNING [02/26 13:52:51 detectron2]: Out of memory
WARNING [02/26 13:52:52 detectron2]: Out of memory
WARNING [02/26 13:52:52 detectron2]: Out of memory
WARNING [02/26 13:52:52 detectron2]: Out of memory
WARNING [02/26 13:52:52 detectron2]: Out of memory
WARNING [02/26 13:52:52 detectron2]: Out of memory
WARNING [02/26 13:52:52 detectron2]: Out of memory
WARNING [02/26 13:52:52 detectron2]: Out of memory
WARNING [02/26 13:52:53 detectron2]: Out of memory
[02/26 13:52:53 d2.utils.events]:  eta: 0:42:57  iter: 479  total_loss: 6.946  loss_cls_stage0: 1.789  loss_box_reg_stage0: 0.006449  loss_cls_stage1: 1.522  loss_box_reg_stage1: 0.007092  loss_cls_stage2: 1.856  loss_box_reg_stage2: 0.009132  loss_rpn_cls: 0.6894  loss_rpn_loc: 1.066    time: 0.1558  last_time: 0.1800  data_time: 0.0102  last_data_time: 0.0102   lr: 0.00019972  max_mem: 44151M
WARNING [02/26 13:52:53 detectron2]: Out of memory
WARNING [02/26 13:52:53 detectron2]: Out of memory
WARNING [02/26 13:52:53 detectron2]: Out of memory
WARNING [02/26 13:52:53 detectron2]: Out of memory
WARNING [02/26 13:52:53 detectron2]: Out of memory
WARNING [02/26 13:52:53 detectron2]: Out of memory
WARNING [02/26 13:52:53 detectron2]: Out of memory
WARNING [02/26 13:52:54 detectron2]: Out of memory
WARNING [02/26 13:52:54 detectron2]: Out of memory
WARNING [02/26 13:52:54 detectron2]: Out of memory
WARNING [02/26 13:52:54 detectron2]: Out of memory
WARNING [02/26 13:52:54 detectron2]: Out of memory
WARNING [02/26 13:52:54 detectron2]: Out of memory
WARNING [02/26 13:52:54 detectron2]: Out of memory
WARNING [02/26 13:52:55 detectron2]: Out of memory
WARNING [02/26 13:52:55 detectron2]: Out of memory
WARNING [02/26 13:52:55 detectron2]: Out of memory
WARNING [02/26 13:52:55 detectron2]: Out of memory
WARNING [02/26 13:52:55 detectron2]: Out of memory
WARNING [02/26 13:52:55 detectron2]: Out of memory
[02/26 13:52:55 d2.utils.events]:  eta: 0:42:55  iter: 499  total_loss: 6.946  loss_cls_stage0: 1.789  loss_box_reg_stage0: 0.006449  loss_cls_stage1: 1.522  loss_box_reg_stage1: 0.007092  loss_cls_stage2: 1.856  loss_box_reg_stage2: 0.009132  loss_rpn_cls: 0.6894  loss_rpn_loc: 1.066    time: 0.1550  last_time: 0.2493  data_time: 0.0102  last_data_time: 0.0102   lr: 0.00019969  max_mem: 44151M
WARNING [02/26 13:52:55 detectron2]: Out of memory
WARNING [02/26 13:52:56 detectron2]: Out of memory
WARNING [02/26 13:52:56 detectron2]: Out of memory
WARNING [02/26 13:52:56 detectron2]: Out of memory
WARNING [02/26 13:52:56 detectron2]: Out of memory
WARNING [02/26 13:52:56 detectron2]: Out of memory
WARNING [02/26 13:52:56 detectron2]: Out of memory
WARNING [02/26 13:52:56 detectron2]: Out of memory
WARNING [02/26 13:52:57 detectron2]: Out of memory
WARNING [02/26 13:52:57 detectron2]: Out of memory
WARNING [02/26 13:52:57 detectron2]: Out of memory
WARNING [02/26 13:52:57 detectron2]: Out of memory
WARNING [02/26 13:52:57 detectron2]: Out of memory
WARNING [02/26 13:52:57 detectron2]: Out of memory
WARNING [02/26 13:52:57 detectron2]: Out of memory
WARNING [02/26 13:52:58 detectron2]: Out of memory
WARNING [02/26 13:52:58 detectron2]: Out of memory
WARNING [02/26 13:52:58 detectron2]: Out of memory
WARNING [02/26 13:52:58 detectron2]: Out of memory
WARNING [02/26 13:52:58 detectron2]: Out of memory
[02/26 13:52:58 d2.utils.events]:  eta: 0:42:52  iter: 519  total_loss: 6.946  loss_cls_stage0: 1.789  loss_box_reg_stage0: 0.006449  loss_cls_stage1: 1.522  loss_box_reg_stage1: 0.007092  loss_cls_stage2: 1.856  loss_box_reg_stage2: 0.009132  loss_rpn_cls: 0.6894  loss_rpn_loc: 1.066    time: 0.1544  last_time: 0.1708  data_time: 0.0102  last_data_time: 0.0102   lr: 0.00019967  max_mem: 44151M
WARNING [02/26 13:52:58 detectron2]: Out of memory
WARNING [02/26 13:52:58 detectron2]: Out of memory
WARNING [02/26 13:52:59 detectron2]: Out of memory
WARNING [02/26 13:52:59 detectron2]: Out of memory
WARNING [02/26 13:52:59 detectron2]: Out of memory
WARNING [02/26 13:52:59 detectron2]: Out of memory
WARNING [02/26 13:52:59 detectron2]: Out of memory
WARNING [02/26 13:52:59 detectron2]: Out of memory
WARNING [02/26 13:52:59 detectron2]: Out of memory
WARNING [02/26 13:52:59 detectron2]: Out of memory
WARNING [02/26 13:53:00 detectron2]: Out of memory
WARNING [02/26 13:53:00 detectron2]: Out of memory
WARNING [02/26 13:53:00 detectron2]: Out of memory
WARNING [02/26 13:53:00 detectron2]: Out of memory
WARNING [02/26 13:53:00 detectron2]: Out of memory
WARNING [02/26 13:53:00 detectron2]: Out of memory
WARNING [02/26 13:53:00 detectron2]: Out of memory
WARNING [02/26 13:53:01 detectron2]: Out of memory
WARNING [02/26 13:53:01 detectron2]: Out of memory
WARNING [02/26 13:53:01 detectron2]: Out of memory
[02/26 13:53:01 d2.utils.events]:  eta: 0:42:40  iter: 539  total_loss: 6.946  loss_cls_stage0: 1.789  loss_box_reg_stage0: 0.006449  loss_cls_stage1: 1.522  loss_box_reg_stage1: 0.007092  loss_cls_stage2: 1.856  loss_box_reg_stage2: 0.009132  loss_rpn_cls: 0.6894  loss_rpn_loc: 1.066    time: 0.1537  last_time: 0.1237  data_time: 0.0102  last_data_time: 0.0102   lr: 0.00019964  max_mem: 44151M
WARNING [02/26 13:53:01 detectron2]: Out of memory
WARNING [02/26 13:53:01 detectron2]: Out of memory
/home/ng6309/datascience/krishna/genai_env/lib/python3.11/site-packages/torch/utils/checkpoint.py:464: UserWarning: torch.utils.checkpoint: the use_reentrant parameter should be passed explicitly. In version 2.4 we will raise an exception if use_reentrant is not passed. use_reentrant=False is recommended, but if you need to preserve the current default behavior, you can pass use_reentrant=True. Refer to docs for more details on the differences between the two variants.
  warnings.warn(
WARNING [02/26 13:53:04 detectron2]: Out of memory
WARNING [02/26 13:53:04 detectron2]: Out of memory
WARNING [02/26 13:53:04 detectron2]: Out of memory
WARNING [02/26 13:53:04 detectron2]: Out of memory
WARNING [02/26 13:53:05 detectron2]: Out of memory
WARNING [02/26 13:53:05 detectron2]: Out of memory
WARNING [02/26 13:53:05 detectron2]: Out of memory
WARNING [02/26 13:53:05 detectron2]: Out of memory
WARNING [02/26 13:53:05 detectron2]: Out of memory
WARNING [02/26 13:53:05 detectron2]: Out of memory
WARNING [02/26 13:53:05 detectron2]: Out of memory
WARNING [02/26 13:53:06 detectron2]: Out of memory
WARNING [02/26 13:53:06 detectron2]: Out of memory
WARNING [02/26 13:53:06 detectron2]: Out of memory
WARNING [02/26 13:53:06 detectron2]: Out of memory
WARNING [02/26 13:53:06 detectron2]: Out of memory
WARNING [02/26 13:53:06 detectron2]: Out of memory
[02/26 13:53:06 d2.utils.events]:  eta: 0:42:47  iter: 559  total_loss: 3.304  loss_cls_stage0: 0.6852  loss_box_reg_stage0: 0.07122  loss_cls_stage1: 0.5609  loss_box_reg_stage1: 0.05623  loss_cls_stage2: 0.5672  loss_box_reg_stage2: 0.07294  loss_rpn_cls: 0.6229  loss_rpn_loc: 0.6678    time: 0.1579  last_time: 0.1389  data_time: 0.0082  last_data_time: 0.0082   lr: 0.00019961  max_mem: 44151M
WARNING [02/26 13:53:06 detectron2]: Out of memory
WARNING [02/26 13:53:07 detectron2]: Out of memory
WARNING [02/26 13:53:07 detectron2]: Out of memory
WARNING [02/26 13:53:07 detectron2]: Out of memory
WARNING [02/26 13:53:07 detectron2]: Out of memory
WARNING [02/26 13:53:07 detectron2]: Out of memory
WARNING [02/26 13:53:07 detectron2]: Out of memory
WARNING [02/26 13:53:07 detectron2]: Out of memory
WARNING [02/26 13:53:07 detectron2]: Out of memory
WARNING [02/26 13:53:08 detectron2]: Out of memory
WARNING [02/26 13:53:08 detectron2]: Out of memory
WARNING [02/26 13:53:08 detectron2]: Out of memory
WARNING [02/26 13:53:08 detectron2]: Out of memory
WARNING [02/26 13:53:08 detectron2]: Out of memory
WARNING [02/26 13:53:08 detectron2]: Out of memory
WARNING [02/26 13:53:08 detectron2]: Out of memory
WARNING [02/26 13:53:09 detectron2]: Out of memory
WARNING [02/26 13:53:09 detectron2]: Out of memory
WARNING [02/26 13:53:09 detectron2]: Out of memory
WARNING [02/26 13:53:09 detectron2]: Out of memory
[02/26 13:53:09 d2.utils.events]:  eta: 0:42:40  iter: 579  total_loss: 3.304  loss_cls_stage0: 0.6852  loss_box_reg_stage0: 0.07122  loss_cls_stage1: 0.5609  loss_box_reg_stage1: 0.05623  loss_cls_stage2: 0.5672  loss_box_reg_stage2: 0.07294  loss_rpn_cls: 0.6229  loss_rpn_loc: 0.6678    time: 0.1570  last_time: 0.1775  data_time: 0.0082  last_data_time: 0.0082   lr: 0.00019959  max_mem: 44151M
WARNING [02/26 13:53:09 detectron2]: Out of memory
WARNING [02/26 13:53:09 detectron2]: Out of memory
WARNING [02/26 13:53:09 detectron2]: Out of memory
WARNING [02/26 13:53:10 detectron2]: Out of memory
WARNING [02/26 13:53:10 detectron2]: Out of memory
WARNING [02/26 13:53:10 detectron2]: Out of memory
WARNING [02/26 13:53:10 detectron2]: Out of memory
WARNING [02/26 13:53:10 detectron2]: Out of memory
WARNING [02/26 13:53:10 detectron2]: Out of memory
WARNING [02/26 13:53:10 detectron2]: Out of memory
WARNING [02/26 13:53:10 detectron2]: Out of memory
WARNING [02/26 13:53:11 detectron2]: Out of memory
WARNING [02/26 13:53:11 detectron2]: Out of memory
WARNING [02/26 13:53:11 detectron2]: Out of memory
WARNING [02/26 13:53:11 detectron2]: Out of memory
WARNING [02/26 13:53:11 detectron2]: Out of memory
WARNING [02/26 13:53:11 detectron2]: Out of memory
WARNING [02/26 13:53:11 detectron2]: Out of memory
WARNING [02/26 13:53:11 detectron2]: Out of memory
WARNING [02/26 13:53:12 detectron2]: Out of memory
[02/26 13:53:12 d2.utils.events]:  eta: 0:42:19  iter: 599  total_loss: 3.304  loss_cls_stage0: 0.6852  loss_box_reg_stage0: 0.07122  loss_cls_stage1: 0.5609  loss_box_reg_stage1: 0.05623  loss_cls_stage2: 0.5672  loss_box_reg_stage2: 0.07294  loss_rpn_cls: 0.6229  loss_rpn_loc: 0.6678    time: 0.1560  last_time: 0.1020  data_time: 0.0082  last_data_time: 0.0082   lr: 0.00019956  max_mem: 44151M
WARNING [02/26 13:53:12 detectron2]: Out of memory
WARNING [02/26 13:53:12 detectron2]: Out of memory
WARNING [02/26 13:53:12 detectron2]: Out of memory
WARNING [02/26 13:53:12 detectron2]: Out of memory
WARNING [02/26 13:53:12 detectron2]: Out of memory
WARNING [02/26 13:53:12 detectron2]: Out of memory
WARNING [02/26 13:53:13 detectron2]: Out of memory
WARNING [02/26 13:53:13 detectron2]: Out of memory
WARNING [02/26 13:53:13 detectron2]: Out of memory
WARNING [02/26 13:53:13 detectron2]: Out of memory
WARNING [02/26 13:53:13 detectron2]: Out of memory
WARNING [02/26 13:53:13 detectron2]: Out of memory
WARNING [02/26 13:53:13 detectron2]: Out of memory
WARNING [02/26 13:53:13 detectron2]: Out of memory
WARNING [02/26 13:53:14 detectron2]: Out of memory
WARNING [02/26 13:53:14 detectron2]: Out of memory
WARNING [02/26 13:53:14 detectron2]: Out of memory
WARNING [02/26 13:53:14 detectron2]: Out of memory
WARNING [02/26 13:53:14 detectron2]: Out of memory
WARNING [02/26 13:53:14 detectron2]: Out of memory
[02/26 13:53:14 d2.utils.events]:  eta: 0:42:05  iter: 619  total_loss: 3.304  loss_cls_stage0: 0.6852  loss_box_reg_stage0: 0.07122  loss_cls_stage1: 0.5609  loss_box_reg_stage1: 0.05623  loss_cls_stage2: 0.5672  loss_box_reg_stage2: 0.07294  loss_rpn_cls: 0.6229  loss_rpn_loc: 0.6678    time: 0.1555  last_time: 0.1990  data_time: 0.0082  last_data_time: 0.0082   lr: 0.00019953  max_mem: 44151M
WARNING [02/26 13:53:14 detectron2]: Out of memory
WARNING [02/26 13:53:15 detectron2]: Out of memory
WARNING [02/26 13:53:15 detectron2]: Out of memory
WARNING [02/26 13:53:15 detectron2]: Out of memory
WARNING [02/26 13:53:15 detectron2]: Out of memory
WARNING [02/26 13:53:15 detectron2]: Out of memory
WARNING [02/26 13:53:15 detectron2]: Out of memory
WARNING [02/26 13:53:15 detectron2]: Out of memory
WARNING [02/26 13:53:16 detectron2]: Out of memory
WARNING [02/26 13:53:16 detectron2]: Out of memory
WARNING [02/26 13:53:16 detectron2]: Out of memory
WARNING [02/26 13:53:16 detectron2]: Out of memory
WARNING [02/26 13:53:16 detectron2]: Out of memory
WARNING [02/26 13:53:16 detectron2]: Out of memory
WARNING [02/26 13:53:16 detectron2]: Out of memory
WARNING [02/26 13:53:16 detectron2]: Out of memory
WARNING [02/26 13:53:17 detectron2]: Out of memory
WARNING [02/26 13:53:17 detectron2]: Out of memory
WARNING [02/26 13:53:17 detectron2]: Out of memory
WARNING [02/26 13:53:17 detectron2]: Out of memory
[02/26 13:53:17 d2.utils.events]:  eta: 0:41:58  iter: 639  total_loss: 3.304  loss_cls_stage0: 0.6852  loss_box_reg_stage0: 0.07122  loss_cls_stage1: 0.5609  loss_box_reg_stage1: 0.05623  loss_cls_stage2: 0.5672  loss_box_reg_stage2: 0.07294  loss_rpn_cls: 0.6229  loss_rpn_loc: 0.6678    time: 0.1546  last_time: 0.1111  data_time: 0.0082  last_data_time: 0.0082   lr: 0.0001995  max_mem: 44151M
WARNING [02/26 13:53:17 detectron2]: Out of memory
/home/ng6309/datascience/krishna/genai_env/lib/python3.11/site-packages/torch/utils/checkpoint.py:464: UserWarning: torch.utils.checkpoint: the use_reentrant parameter should be passed explicitly. In version 2.4 we will raise an exception if use_reentrant is not passed. use_reentrant=False is recommended, but if you need to preserve the current default behavior, you can pass use_reentrant=True. Refer to docs for more details on the differences between the two variants.
  warnings.warn(
WARNING [02/26 13:53:20 detectron2]: Out of memory
WARNING [02/26 13:53:20 detectron2]: Out of memory
WARNING [02/26 13:53:20 detectron2]: Out of memory
WARNING [02/26 13:53:20 detectron2]: Out of memory
WARNING [02/26 13:53:21 detectron2]: Out of memory
WARNING [02/26 13:53:21 detectron2]: Out of memory
WARNING [02/26 13:53:21 detectron2]: Out of memory
WARNING [02/26 13:53:21 detectron2]: Out of memory
WARNING [02/26 13:53:21 detectron2]: Out of memory
WARNING [02/26 13:53:21 detectron2]: Out of memory
WARNING [02/26 13:53:21 detectron2]: Out of memory
WARNING [02/26 13:53:22 detectron2]: Out of memory
WARNING [02/26 13:53:22 detectron2]: Out of memory
WARNING [02/26 13:53:22 detectron2]: Out of memory
WARNING [02/26 13:53:22 detectron2]: Out of memory
WARNING [02/26 13:53:22 detectron2]: Out of memory
WARNING [02/26 13:53:22 detectron2]: Out of memory
WARNING [02/26 13:53:22 detectron2]: Out of memory
[02/26 13:53:23 d2.utils.events]:  eta: 0:42:20  iter: 659  total_loss: 5.816  loss_cls_stage0: 1.236  loss_box_reg_stage0: 0.09488  loss_cls_stage1: 1.287  loss_box_reg_stage1: 0.2247  loss_cls_stage2: 1.191  loss_box_reg_stage2: 0.3979  loss_rpn_cls: 0.5564  loss_rpn_loc: 0.8277    time: 0.1584  last_time: 0.1318  data_time: 0.0859  last_data_time: 0.0859   lr: 0.00019946  max_mem: 44151M
WARNING [02/26 13:53:23 detectron2]: Out of memory
WARNING [02/26 13:53:23 detectron2]: Out of memory
WARNING [02/26 13:53:23 detectron2]: Out of memory
WARNING [02/26 13:53:23 detectron2]: Out of memory
WARNING [02/26 13:53:23 detectron2]: Out of memory
WARNING [02/26 13:53:23 detectron2]: Out of memory
WARNING [02/26 13:53:24 detectron2]: Out of memory
WARNING [02/26 13:53:24 detectron2]: Out of memory
WARNING [02/26 13:53:24 detectron2]: Out of memory
WARNING [02/26 13:53:24 detectron2]: Out of memory
WARNING [02/26 13:53:24 detectron2]: Out of memory
WARNING [02/26 13:53:24 detectron2]: Out of memory
WARNING [02/26 13:53:24 detectron2]: Out of memory
WARNING [02/26 13:53:24 detectron2]: Out of memory
WARNING [02/26 13:53:25 detectron2]: Out of memory
WARNING [02/26 13:53:25 detectron2]: Out of memory
WARNING [02/26 13:53:25 detectron2]: Out of memory
WARNING [02/26 13:53:25 detectron2]: Out of memory
WARNING [02/26 13:53:25 detectron2]: Out of memory
WARNING [02/26 13:53:25 detectron2]: Out of memory
[02/26 13:53:25 d2.utils.events]:  eta: 0:42:17  iter: 679  total_loss: 5.816  loss_cls_stage0: 1.236  loss_box_reg_stage0: 0.09488  loss_cls_stage1: 1.287  loss_box_reg_stage1: 0.2247  loss_cls_stage2: 1.191  loss_box_reg_stage2: 0.3979  loss_rpn_cls: 0.5564  loss_rpn_loc: 0.8277    time: 0.1579  last_time: 0.1016  data_time: 0.0859  last_data_time: 0.0859   lr: 0.00019943  max_mem: 44151M
WARNING [02/26 13:53:25 detectron2]: Out of memory
WARNING [02/26 13:53:26 detectron2]: Out of memory
WARNING [02/26 13:53:26 detectron2]: Out of memory
WARNING [02/26 13:53:26 detectron2]: Out of memory
WARNING [02/26 13:53:26 detectron2]: Out of memory
WARNING [02/26 13:53:26 detectron2]: Out of memory
WARNING [02/26 13:53:26 detectron2]: Out of memory
WARNING [02/26 13:53:26 detectron2]: Out of memory
WARNING [02/26 13:53:27 detectron2]: Out of memory
WARNING [02/26 13:53:27 detectron2]: Out of memory
WARNING [02/26 13:53:27 detectron2]: Out of memory
/home/ng6309/datascience/krishna/genai_env/lib/python3.11/site-packages/torch/utils/checkpoint.py:464: UserWarning: torch.utils.checkpoint: the use_reentrant parameter should be passed explicitly. In version 2.4 we will raise an exception if use_reentrant is not passed. use_reentrant=False is recommended, but if you need to preserve the current default behavior, you can pass use_reentrant=True. Refer to docs for more details on the differences between the two variants.
  warnings.warn(
WARNING [02/26 13:53:30 detectron2]: Out of memory
WARNING [02/26 13:53:30 detectron2]: Out of memory
WARNING [02/26 13:53:30 detectron2]: Out of memory
WARNING [02/26 13:53:30 detectron2]: Out of memory
WARNING [02/26 13:53:30 detectron2]: Out of memory
WARNING [02/26 13:53:30 detectron2]: Out of memory
WARNING [02/26 13:53:31 detectron2]: Out of memory
WARNING [02/26 13:53:31 detectron2]: Out of memory
[02/26 13:53:31 d2.utils.events]:  eta: 0:42:19  iter: 699  total_loss: 3.515  loss_cls_stage0: 0.6484  loss_box_reg_stage0: 0.0614  loss_cls_stage1: 0.6775  loss_box_reg_stage1: 0.09884  loss_cls_stage2: 0.6771  loss_box_reg_stage2: 0.1525  loss_rpn_cls: 0.5334  loss_rpn_loc: 0.6664    time: 0.1610  last_time: 0.1240  data_time: 0.0134  last_data_time: 0.0134   lr: 0.0001994  max_mem: 44151M
WARNING [02/26 13:53:31 detectron2]: Out of memory
WARNING [02/26 13:53:31 detectron2]: Out of memory
WARNING [02/26 13:53:31 detectron2]: Out of memory
WARNING [02/26 13:53:31 detectron2]: Out of memory
WARNING [02/26 13:53:31 detectron2]: Out of memory
WARNING [02/26 13:53:31 detectron2]: Out of memory
WARNING [02/26 13:53:32 detectron2]: Out of memory
WARNING [02/26 13:53:32 detectron2]: Out of memory
WARNING [02/26 13:53:32 detectron2]: Out of memory
WARNING [02/26 13:53:32 detectron2]: Out of memory
WARNING [02/26 13:53:32 detectron2]: Out of memory
WARNING [02/26 13:53:32 detectron2]: Out of memory
WARNING [02/26 13:53:32 detectron2]: Out of memory
WARNING [02/26 13:53:33 detectron2]: Out of memory
WARNING [02/26 13:53:33 detectron2]: Out of memory
WARNING [02/26 13:53:33 detectron2]: Out of memory
WARNING [02/26 13:53:33 detectron2]: Out of memory
WARNING [02/26 13:53:33 detectron2]: Out of memory
WARNING [02/26 13:53:33 detectron2]: Out of memory
WARNING [02/26 13:53:33 detectron2]: Out of memory
[02/26 13:53:33 d2.utils.events]:  eta: 0:42:18  iter: 719  total_loss: 3.515  loss_cls_stage0: 0.6484  loss_box_reg_stage0: 0.0614  loss_cls_stage1: 0.6775  loss_box_reg_stage1: 0.09884  loss_cls_stage2: 0.6771  loss_box_reg_stage2: 0.1525  loss_rpn_cls: 0.5334  loss_rpn_loc: 0.6664    time: 0.1603  last_time: 0.1168  data_time: 0.0134  last_data_time: 0.0134   lr: 0.00019936  max_mem: 44151M
WARNING [02/26 13:53:33 detectron2]: Out of memory
WARNING [02/26 13:53:34 detectron2]: Out of memory
WARNING [02/26 13:53:34 detectron2]: Out of memory
WARNING [02/26 13:53:34 detectron2]: Out of memory
WARNING [02/26 13:53:34 detectron2]: Out of memory
WARNING [02/26 13:53:34 detectron2]: Out of memory
WARNING [02/26 13:53:34 detectron2]: Out of memory
WARNING [02/26 13:53:35 detectron2]: Out of memory
WARNING [02/26 13:53:35 detectron2]: Out of memory
WARNING [02/26 13:53:35 detectron2]: Out of memory
WARNING [02/26 13:53:35 detectron2]: Out of memory
WARNING [02/26 13:53:35 detectron2]: Out of memory
WARNING [02/26 13:53:35 detectron2]: Out of memory
WARNING [02/26 13:53:35 detectron2]: Out of memory
WARNING [02/26 13:53:35 detectron2]: Out of memory
WARNING [02/26 13:53:36 detectron2]: Out of memory
WARNING [02/26 13:53:36 detectron2]: Out of memory
WARNING [02/26 13:53:36 detectron2]: Out of memory
WARNING [02/26 13:53:36 detectron2]: Out of memory
WARNING [02/26 13:53:36 detectron2]: Out of memory
[02/26 13:53:36 d2.utils.events]:  eta: 0:42:01  iter: 739  total_loss: 3.515  loss_cls_stage0: 0.6484  loss_box_reg_stage0: 0.0614  loss_cls_stage1: 0.6775  loss_box_reg_stage1: 0.09884  loss_cls_stage2: 0.6771  loss_box_reg_stage2: 0.1525  loss_rpn_cls: 0.5334  loss_rpn_loc: 0.6664    time: 0.1596  last_time: 0.1068  data_time: 0.0134  last_data_time: 0.0134   lr: 0.00019933  max_mem: 44151M
WARNING [02/26 13:53:36 detectron2]: Out of memory
WARNING [02/26 13:53:36 detectron2]: Out of memory
WARNING [02/26 13:53:37 detectron2]: Out of memory
WARNING [02/26 13:53:37 detectron2]: Out of memory
WARNING [02/26 13:53:37 detectron2]: Out of memory
WARNING [02/26 13:53:37 detectron2]: Out of memory
WARNING [02/26 13:53:37 detectron2]: Out of memory
WARNING [02/26 13:53:37 detectron2]: Out of memory
WARNING [02/26 13:53:37 detectron2]: Out of memory
WARNING [02/26 13:53:38 detectron2]: Out of memory
WARNING [02/26 13:53:38 detectron2]: Out of memory
WARNING [02/26 13:53:38 detectron2]: Out of memory
WARNING [02/26 13:53:38 detectron2]: Out of memory
WARNING [02/26 13:53:38 detectron2]: Out of memory
WARNING [02/26 13:53:38 detectron2]: Out of memory
WARNING [02/26 13:53:38 detectron2]: Out of memory
WARNING [02/26 13:53:39 detectron2]: Out of memory
WARNING [02/26 13:53:39 detectron2]: Out of memory
WARNING [02/26 13:53:39 detectron2]: Out of memory
WARNING [02/26 13:53:39 detectron2]: Out of memory
[02/26 13:53:39 d2.utils.events]:  eta: 0:42:11  iter: 759  total_loss: 3.515  loss_cls_stage0: 0.6484  loss_box_reg_stage0: 0.0614  loss_cls_stage1: 0.6775  loss_box_reg_stage1: 0.09884  loss_cls_stage2: 0.6771  loss_box_reg_stage2: 0.1525  loss_rpn_cls: 0.5334  loss_rpn_loc: 0.6664    time: 0.1593  last_time: 0.1764  data_time: 0.0134  last_data_time: 0.0134   lr: 0.00019929  max_mem: 44151M
WARNING [02/26 13:53:39 detectron2]: Out of memory
WARNING [02/26 13:53:39 detectron2]: Out of memory
WARNING [02/26 13:53:39 detectron2]: Out of memory
WARNING [02/26 13:53:40 detectron2]: Out of memory
WARNING [02/26 13:53:40 detectron2]: Out of memory
WARNING [02/26 13:53:40 detectron2]: Out of memory
WARNING [02/26 13:53:40 detectron2]: Out of memory
WARNING [02/26 13:53:40 detectron2]: Out of memory
WARNING [02/26 13:53:40 detectron2]: Out of memory
WARNING [02/26 13:53:40 detectron2]: Out of memory
WARNING [02/26 13:53:40 detectron2]: Out of memory
WARNING [02/26 13:53:41 detectron2]: Out of memory
WARNING [02/26 13:53:41 detectron2]: Out of memory
WARNING [02/26 13:53:41 detectron2]: Out of memory
WARNING [02/26 13:53:41 detectron2]: Out of memory
WARNING [02/26 13:53:41 detectron2]: Out of memory
WARNING [02/26 13:53:41 detectron2]: Out of memory
WARNING [02/26 13:53:41 detectron2]: Out of memory
WARNING [02/26 13:53:41 detectron2]: Out of memory
WARNING [02/26 13:53:42 detectron2]: Out of memory
[02/26 13:53:42 d2.utils.events]:  eta: 0:41:47  iter: 779  total_loss: 3.515  loss_cls_stage0: 0.6484  loss_box_reg_stage0: 0.0614  loss_cls_stage1: 0.6775  loss_box_reg_stage1: 0.09884  loss_cls_stage2: 0.6771  loss_box_reg_stage2: 0.1525  loss_rpn_cls: 0.5334  loss_rpn_loc: 0.6664    time: 0.1584  last_time: 0.1132  data_time: 0.0134  last_data_time: 0.0134   lr: 0.00019925  max_mem: 44151M
WARNING [02/26 13:53:42 detectron2]: Out of memory
WARNING [02/26 13:53:42 detectron2]: Out of memory
WARNING [02/26 13:53:42 detectron2]: Out of memory
WARNING [02/26 13:53:42 detectron2]: Out of memory
WARNING [02/26 13:53:42 detectron2]: Out of memory
WARNING [02/26 13:53:42 detectron2]: Out of memory
WARNING [02/26 13:53:43 detectron2]: Out of memory
WARNING [02/26 13:53:43 detectron2]: Out of memory
WARNING [02/26 13:53:43 detectron2]: Out of memory
WARNING [02/26 13:53:43 detectron2]: Out of memory
WARNING [02/26 13:53:43 detectron2]: Out of memory
WARNING [02/26 13:53:43 detectron2]: Out of memory
WARNING [02/26 13:53:43 detectron2]: Out of memory
WARNING [02/26 13:53:43 detectron2]: Out of memory
WARNING [02/26 13:53:44 detectron2]: Out of memory
WARNING [02/26 13:53:44 detectron2]: Out of memory
WARNING [02/26 13:53:44 detectron2]: Out of memory
WARNING [02/26 13:53:44 detectron2]: Out of memory
WARNING [02/26 13:53:44 detectron2]: Out of memory
WARNING [02/26 13:53:44 detectron2]: Out of memory
[02/26 13:53:44 d2.utils.events]:  eta: 0:41:45  iter: 799  total_loss: 3.515  loss_cls_stage0: 0.6484  loss_box_reg_stage0: 0.0614  loss_cls_stage1: 0.6775  loss_box_reg_stage1: 0.09884  loss_cls_stage2: 0.6771  loss_box_reg_stage2: 0.1525  loss_rpn_cls: 0.5334  loss_rpn_loc: 0.6664    time: 0.1577  last_time: 0.0567  data_time: 0.0134  last_data_time: 0.0134   lr: 0.00019921  max_mem: 44151M
WARNING [02/26 13:53:44 detectron2]: Out of memory
WARNING [02/26 13:53:45 detectron2]: Out of memory
WARNING [02/26 13:53:45 detectron2]: Out of memory
WARNING [02/26 13:53:45 detectron2]: Out of memory
WARNING [02/26 13:53:45 detectron2]: Out of memory
WARNING [02/26 13:53:45 detectron2]: Out of memory
WARNING [02/26 13:53:45 detectron2]: Out of memory
WARNING [02/26 13:53:45 detectron2]: Out of memory
WARNING [02/26 13:53:46 detectron2]: Out of memory
WARNING [02/26 13:53:46 detectron2]: Out of memory
WARNING [02/26 13:53:46 detectron2]: Out of memory
WARNING [02/26 13:53:46 detectron2]: Out of memory
WARNING [02/26 13:53:46 detectron2]: Out of memory
WARNING [02/26 13:53:46 detectron2]: Out of memory
WARNING [02/26 13:53:46 detectron2]: Out of memory
WARNING [02/26 13:53:46 detectron2]: Out of memory
WARNING [02/26 13:53:47 detectron2]: Out of memory
WARNING [02/26 13:53:47 detectron2]: Out of memory
WARNING [02/26 13:53:47 detectron2]: Out of memory
WARNING [02/26 13:53:47 detectron2]: Out of memory
[02/26 13:53:47 d2.utils.events]:  eta: 0:41:39  iter: 819  total_loss: 3.515  loss_cls_stage0: 0.6484  loss_box_reg_stage0: 0.0614  loss_cls_stage1: 0.6775  loss_box_reg_stage1: 0.09884  loss_cls_stage2: 0.6771  loss_box_reg_stage2: 0.1525  loss_rpn_cls: 0.5334  loss_rpn_loc: 0.6664    time: 0.1572  last_time: 0.1367  data_time: 0.0134  last_data_time: 0.0134   lr: 0.00019917  max_mem: 44151M
WARNING [02/26 13:53:47 detectron2]: Out of memory
WARNING [02/26 13:53:47 detectron2]: Out of memory
WARNING [02/26 13:53:47 detectron2]: Out of memory
WARNING [02/26 13:53:48 detectron2]: Out of memory
WARNING [02/26 13:53:48 detectron2]: Out of memory
WARNING [02/26 13:53:48 detectron2]: Out of memory
WARNING [02/26 13:53:48 detectron2]: Out of memory
WARNING [02/26 13:53:48 detectron2]: Out of memory
WARNING [02/26 13:53:48 detectron2]: Out of memory
WARNING [02/26 13:53:48 detectron2]: Out of memory
WARNING [02/26 13:53:49 detectron2]: Out of memory
WARNING [02/26 13:53:49 detectron2]: Out of memory
WARNING [02/26 13:53:49 detectron2]: Out of memory
WARNING [02/26 13:53:49 detectron2]: Out of memory
WARNING [02/26 13:53:49 detectron2]: Out of memory
WARNING [02/26 13:53:49 detectron2]: Out of memory
WARNING [02/26 13:53:49 detectron2]: Out of memory
WARNING [02/26 13:53:50 detectron2]: Out of memory
WARNING [02/26 13:53:50 detectron2]: Out of memory
WARNING [02/26 13:53:50 detectron2]: Out of memory
[02/26 13:53:50 d2.utils.events]:  eta: 0:41:40  iter: 839  total_loss: 3.515  loss_cls_stage0: 0.6484  loss_box_reg_stage0: 0.0614  loss_cls_stage1: 0.6775  loss_box_reg_stage1: 0.09884  loss_cls_stage2: 0.6771  loss_box_reg_stage2: 0.1525  loss_rpn_cls: 0.5334  loss_rpn_loc: 0.6664    time: 0.1568  last_time: 0.1903  data_time: 0.0134  last_data_time: 0.0134   lr: 0.00019913  max_mem: 44151M
WARNING [02/26 13:53:50 detectron2]: Out of memory
WARNING [02/26 13:53:50 detectron2]: Out of memory
WARNING [02/26 13:53:50 detectron2]: Out of memory
WARNING [02/26 13:53:50 detectron2]: Out of memory
WARNING [02/26 13:53:51 detectron2]: Out of memory
WARNING [02/26 13:53:51 detectron2]: Out of memory
WARNING [02/26 13:53:51 detectron2]: Out of memory
WARNING [02/26 13:53:51 detectron2]: Out of memory
WARNING [02/26 13:53:51 detectron2]: Out of memory
WARNING [02/26 13:53:51 detectron2]: Out of memory
WARNING [02/26 13:53:51 detectron2]: Out of memory
WARNING [02/26 13:53:51 detectron2]: Out of memory
WARNING [02/26 13:53:52 detectron2]: Out of memory
WARNING [02/26 13:53:52 detectron2]: Out of memory
WARNING [02/26 13:53:52 detectron2]: Out of memory
WARNING [02/26 13:53:52 detectron2]: Out of memory
WARNING [02/26 13:53:52 detectron2]: Out of memory
WARNING [02/26 13:53:52 detectron2]: Out of memory
WARNING [02/26 13:53:52 detectron2]: Out of memory
WARNING [02/26 13:53:53 detectron2]: Out of memory
[02/26 13:53:53 d2.utils.events]:  eta: 0:41:40  iter: 859  total_loss: 3.515  loss_cls_stage0: 0.6484  loss_box_reg_stage0: 0.0614  loss_cls_stage1: 0.6775  loss_box_reg_stage1: 0.09884  loss_cls_stage2: 0.6771  loss_box_reg_stage2: 0.1525  loss_rpn_cls: 0.5334  loss_rpn_loc: 0.6664    time: 0.1564  last_time: 0.1585  data_time: 0.0134  last_data_time: 0.0134   lr: 0.00019909  max_mem: 44151M
WARNING [02/26 13:53:53 detectron2]: Out of memory
WARNING [02/26 13:53:53 detectron2]: Out of memory
WARNING [02/26 13:53:53 detectron2]: Out of memory
WARNING [02/26 13:53:53 detectron2]: Out of memory
WARNING [02/26 13:53:53 detectron2]: Out of memory
WARNING [02/26 13:53:53 detectron2]: Out of memory
WARNING [02/26 13:53:54 detectron2]: Out of memory
WARNING [02/26 13:53:54 detectron2]: Out of memory
WARNING [02/26 13:53:54 detectron2]: Out of memory
WARNING [02/26 13:53:54 detectron2]: Out of memory
WARNING [02/26 13:53:54 detectron2]: Out of memory
WARNING [02/26 13:53:54 detectron2]: Out of memory
WARNING [02/26 13:53:54 detectron2]: Out of memory
WARNING [02/26 13:53:54 detectron2]: Out of memory
WARNING [02/26 13:53:55 detectron2]: Out of memory
WARNING [02/26 13:53:55 detectron2]: Out of memory
WARNING [02/26 13:53:55 detectron2]: Out of memory
WARNING [02/26 13:53:55 detectron2]: Out of memory
WARNING [02/26 13:53:55 detectron2]: Out of memory
WARNING [02/26 13:53:55 detectron2]: Out of memory
[02/26 13:53:55 d2.utils.events]:  eta: 0:41:31  iter: 879  total_loss: 3.515  loss_cls_stage0: 0.6484  loss_box_reg_stage0: 0.0614  loss_cls_stage1: 0.6775  loss_box_reg_stage1: 0.09884  loss_cls_stage2: 0.6771  loss_box_reg_stage2: 0.1525  loss_rpn_cls: 0.5334  loss_rpn_loc: 0.6664    time: 0.1558  last_time: 0.1529  data_time: 0.0134  last_data_time: 0.0134   lr: 0.00019905  max_mem: 44151M
WARNING [02/26 13:53:55 detectron2]: Out of memory
WARNING [02/26 13:53:55 detectron2]: Out of memory
WARNING [02/26 13:53:56 detectron2]: Out of memory
WARNING [02/26 13:53:56 detectron2]: Out of memory
WARNING [02/26 13:53:56 detectron2]: Out of memory
WARNING [02/26 13:53:56 detectron2]: Out of memory
WARNING [02/26 13:53:56 detectron2]: Out of memory
WARNING [02/26 13:53:56 detectron2]: Out of memory
WARNING [02/26 13:53:56 detectron2]: Out of memory
WARNING [02/26 13:53:57 detectron2]: Out of memory
WARNING [02/26 13:53:57 detectron2]: Out of memory
WARNING [02/26 13:53:57 detectron2]: Out of memory
WARNING [02/26 13:53:57 detectron2]: Out of memory
WARNING [02/26 13:53:57 detectron2]: Out of memory
WARNING [02/26 13:53:57 detectron2]: Out of memory
WARNING [02/26 13:53:58 detectron2]: Out of memory
WARNING [02/26 13:53:58 detectron2]: Out of memory
WARNING [02/26 13:53:58 detectron2]: Out of memory
WARNING [02/26 13:53:58 detectron2]: Out of memory
WARNING [02/26 13:53:58 detectron2]: Out of memory
[02/26 13:53:58 d2.utils.events]:  eta: 0:41:24  iter: 899  total_loss: 3.515  loss_cls_stage0: 0.6484  loss_box_reg_stage0: 0.0614  loss_cls_stage1: 0.6775  loss_box_reg_stage1: 0.09884  loss_cls_stage2: 0.6771  loss_box_reg_stage2: 0.1525  loss_rpn_cls: 0.5334  loss_rpn_loc: 0.6664    time: 0.1555  last_time: 0.0980  data_time: 0.0134  last_data_time: 0.0134   lr: 0.000199  max_mem: 44151M
WARNING [02/26 13:53:58 detectron2]: Out of memory
WARNING [02/26 13:53:58 detectron2]: Out of memory
WARNING [02/26 13:53:58 detectron2]: Out of memory
WARNING [02/26 13:53:59 detectron2]: Out of memory
WARNING [02/26 13:53:59 detectron2]: Out of memory
WARNING [02/26 13:53:59 detectron2]: Out of memory
WARNING [02/26 13:53:59 detectron2]: Out of memory
WARNING [02/26 13:53:59 detectron2]: Out of memory
WARNING [02/26 13:53:59 detectron2]: Out of memory
WARNING [02/26 13:53:59 detectron2]: Out of memory
WARNING [02/26 13:54:00 detectron2]: Out of memory
WARNING [02/26 13:54:00 detectron2]: Out of memory
WARNING [02/26 13:54:00 detectron2]: Out of memory
WARNING [02/26 13:54:00 detectron2]: Out of memory
WARNING [02/26 13:54:00 detectron2]: Out of memory
WARNING [02/26 13:54:00 detectron2]: Out of memory
WARNING [02/26 13:54:00 detectron2]: Out of memory
WARNING [02/26 13:54:01 detectron2]: Out of memory
WARNING [02/26 13:54:01 detectron2]: Out of memory
WARNING [02/26 13:54:01 detectron2]: Out of memory
[02/26 13:54:01 d2.utils.events]:  eta: 0:41:23  iter: 919  total_loss: 3.515  loss_cls_stage0: 0.6484  loss_box_reg_stage0: 0.0614  loss_cls_stage1: 0.6775  loss_box_reg_stage1: 0.09884  loss_cls_stage2: 0.6771  loss_box_reg_stage2: 0.1525  loss_rpn_cls: 0.5334  loss_rpn_loc: 0.6664    time: 0.1550  last_time: 0.1063  data_time: 0.0134  last_data_time: 0.0134   lr: 0.00019896  max_mem: 44151M
WARNING [02/26 13:54:01 detectron2]: Out of memory
WARNING [02/26 13:54:01 detectron2]: Out of memory
WARNING [02/26 13:54:01 detectron2]: Out of memory
WARNING [02/26 13:54:01 detectron2]: Out of memory
WARNING [02/26 13:54:01 detectron2]: Out of memory
WARNING [02/26 13:54:02 detectron2]: Out of memory
WARNING [02/26 13:54:02 detectron2]: Out of memory
WARNING [02/26 13:54:02 detectron2]: Out of memory
WARNING [02/26 13:54:02 detectron2]: Out of memory
WARNING [02/26 13:54:02 detectron2]: Out of memory
WARNING [02/26 13:54:02 detectron2]: Out of memory
WARNING [02/26 13:54:02 detectron2]: Out of memory
WARNING [02/26 13:54:02 detectron2]: Out of memory
WARNING [02/26 13:54:03 detectron2]: Out of memory
WARNING [02/26 13:54:03 detectron2]: Out of memory
WARNING [02/26 13:54:03 detectron2]: Out of memory
WARNING [02/26 13:54:03 detectron2]: Out of memory
WARNING [02/26 13:54:03 detectron2]: Out of memory
WARNING [02/26 13:54:03 detectron2]: Out of memory
WARNING [02/26 13:54:03 detectron2]: Out of memory
[02/26 13:54:03 d2.utils.events]:  eta: 0:41:23  iter: 939  total_loss: 3.515  loss_cls_stage0: 0.6484  loss_box_reg_stage0: 0.0614  loss_cls_stage1: 0.6775  loss_box_reg_stage1: 0.09884  loss_cls_stage2: 0.6771  loss_box_reg_stage2: 0.1525  loss_rpn_cls: 0.5334  loss_rpn_loc: 0.6664    time: 0.1545  last_time: 0.1720  data_time: 0.0134  last_data_time: 0.0134   lr: 0.00019891  max_mem: 44151M
WARNING [02/26 13:54:04 detectron2]: Out of memory
WARNING [02/26 13:54:04 detectron2]: Out of memory
WARNING [02/26 13:54:04 detectron2]: Out of memory
WARNING [02/26 13:54:04 detectron2]: Out of memory
WARNING [02/26 13:54:04 detectron2]: Out of memory
WARNING [02/26 13:54:04 detectron2]: Out of memory
WARNING [02/26 13:54:04 detectron2]: Out of memory
WARNING [02/26 13:54:05 detectron2]: Out of memory
WARNING [02/26 13:54:05 detectron2]: Out of memory
WARNING [02/26 13:54:05 detectron2]: Out of memory
WARNING [02/26 13:54:05 detectron2]: Out of memory
WARNING [02/26 13:54:05 detectron2]: Out of memory
WARNING [02/26 13:54:05 detectron2]: Out of memory
WARNING [02/26 13:54:05 detectron2]: Out of memory
WARNING [02/26 13:54:05 detectron2]: Out of memory
WARNING [02/26 13:54:06 detectron2]: Out of memory
WARNING [02/26 13:54:06 detectron2]: Out of memory
WARNING [02/26 13:54:06 detectron2]: Out of memory
WARNING [02/26 13:54:06 detectron2]: Out of memory
WARNING [02/26 13:54:06 detectron2]: Out of memory
[02/26 13:54:06 d2.utils.events]:  eta: 0:41:27  iter: 959  total_loss: 3.515  loss_cls_stage0: 0.6484  loss_box_reg_stage0: 0.0614  loss_cls_stage1: 0.6775  loss_box_reg_stage1: 0.09884  loss_cls_stage2: 0.6771  loss_box_reg_stage2: 0.1525  loss_rpn_cls: 0.5334  loss_rpn_loc: 0.6664    time: 0.1543  last_time: 0.2032  data_time: 0.0134  last_data_time: 0.0134   lr: 0.00019887  max_mem: 44151M
WARNING [02/26 13:54:06 detectron2]: Out of memory
WARNING [02/26 13:54:07 detectron2]: Out of memory
WARNING [02/26 13:54:07 detectron2]: Out of memory
WARNING [02/26 13:54:07 detectron2]: Out of memory
WARNING [02/26 13:54:07 detectron2]: Out of memory
WARNING [02/26 13:54:07 detectron2]: Out of memory
WARNING [02/26 13:54:07 detectron2]: Out of memory
WARNING [02/26 13:54:07 detectron2]: Out of memory
WARNING [02/26 13:54:08 detectron2]: Out of memory
WARNING [02/26 13:54:08 detectron2]: Out of memory
WARNING [02/26 13:54:08 detectron2]: Out of memory
WARNING [02/26 13:54:08 detectron2]: Out of memory
WARNING [02/26 13:54:08 detectron2]: Out of memory
WARNING [02/26 13:54:08 detectron2]: Out of memory
WARNING [02/26 13:54:08 detectron2]: Out of memory
WARNING [02/26 13:54:09 detectron2]: Out of memory
WARNING [02/26 13:54:09 detectron2]: Out of memory
WARNING [02/26 13:54:09 detectron2]: Out of memory
WARNING [02/26 13:54:09 detectron2]: Out of memory
WARNING [02/26 13:54:09 detectron2]: Out of memory
[02/26 13:54:09 d2.utils.events]:  eta: 0:41:33  iter: 979  total_loss: 3.515  loss_cls_stage0: 0.6484  loss_box_reg_stage0: 0.0614  loss_cls_stage1: 0.6775  loss_box_reg_stage1: 0.09884  loss_cls_stage2: 0.6771  loss_box_reg_stage2: 0.1525  loss_rpn_cls: 0.5334  loss_rpn_loc: 0.6664    time: 0.1539  last_time: 0.0957  data_time: 0.0134  last_data_time: 0.0134   lr: 0.00019882  max_mem: 44151M
WARNING [02/26 13:54:09 detectron2]: Out of memory
WARNING [02/26 13:54:09 detectron2]: Out of memory
WARNING [02/26 13:54:10 detectron2]: Out of memory
WARNING [02/26 13:54:10 detectron2]: Out of memory
WARNING [02/26 13:54:10 detectron2]: Out of memory
WARNING [02/26 13:54:10 detectron2]: Out of memory
WARNING [02/26 13:54:10 detectron2]: Out of memory
WARNING [02/26 13:54:10 detectron2]: Out of memory
WARNING [02/26 13:54:10 detectron2]: Out of memory
WARNING [02/26 13:54:10 detectron2]: Out of memory
WARNING [02/26 13:54:11 detectron2]: Out of memory
WARNING [02/26 13:54:11 detectron2]: Out of memory
WARNING [02/26 13:54:11 detectron2]: Out of memory
WARNING [02/26 13:54:11 detectron2]: Out of memory
WARNING [02/26 13:54:11 detectron2]: Out of memory
WARNING [02/26 13:54:11 detectron2]: Out of memory
WARNING [02/26 13:54:11 detectron2]: Out of memory
WARNING [02/26 13:54:12 detectron2]: Out of memory
WARNING [02/26 13:54:12 detectron2]: Out of memory
WARNING [02/26 13:54:12 detectron2]: Out of memory
[02/26 13:54:12 d2.utils.events]:  eta: 0:41:33  iter: 999  total_loss: 3.515  loss_cls_stage0: 0.6484  loss_box_reg_stage0: 0.0614  loss_cls_stage1: 0.6775  loss_box_reg_stage1: 0.09884  loss_cls_stage2: 0.6771  loss_box_reg_stage2: 0.1525  loss_rpn_cls: 0.5334  loss_rpn_loc: 0.6664    time: 0.1536  last_time: 0.1066  data_time: 0.0134  last_data_time: 0.0134   lr: 0.00019877  max_mem: 44151M
WARNING [02/26 13:54:12 detectron2]: Out of memory
WARNING [02/26 13:54:12 detectron2]: Out of memory
WARNING [02/26 13:54:12 detectron2]: Out of memory
WARNING [02/26 13:54:12 detectron2]: Out of memory
WARNING [02/26 13:54:13 detectron2]: Out of memory
WARNING [02/26 13:54:13 detectron2]: Out of memory
WARNING [02/26 13:54:13 detectron2]: Out of memory
WARNING [02/26 13:54:13 detectron2]: Out of memory
WARNING [02/26 13:54:13 detectron2]: Out of memory
WARNING [02/26 13:54:13 detectron2]: Out of memory
WARNING [02/26 13:54:13 detectron2]: Out of memory
WARNING [02/26 13:54:14 detectron2]: Out of memory
WARNING [02/26 13:54:14 detectron2]: Out of memory
WARNING [02/26 13:54:14 detectron2]: Out of memory
WARNING [02/26 13:54:14 detectron2]: Out of memory
WARNING [02/26 13:54:14 detectron2]: Out of memory
WARNING [02/26 13:54:14 detectron2]: Out of memory
WARNING [02/26 13:54:14 detectron2]: Out of memory
WARNING [02/26 13:54:14 detectron2]: Out of memory
WARNING [02/26 13:54:15 detectron2]: Out of memory
[02/26 13:54:15 d2.utils.events]:  eta: 0:41:29  iter: 1019  total_loss: 3.515  loss_cls_stage0: 0.6484  loss_box_reg_stage0: 0.0614  loss_cls_stage1: 0.6775  loss_box_reg_stage1: 0.09884  loss_cls_stage2: 0.6771  loss_box_reg_stage2: 0.1525  loss_rpn_cls: 0.5334  loss_rpn_loc: 0.6664    time: 0.1533  last_time: 0.0980  data_time: 0.0134  last_data_time: 0.0134   lr: 0.00019872  max_mem: 44151M
WARNING [02/26 13:54:15 detectron2]: Out of memory
WARNING [02/26 13:54:15 detectron2]: Out of memory
WARNING [02/26 13:54:15 detectron2]: Out of memory
WARNING [02/26 13:54:15 detectron2]: Out of memory
WARNING [02/26 13:54:15 detectron2]: Out of memory
WARNING [02/26 13:54:15 detectron2]: Out of memory
WARNING [02/26 13:54:16 detectron2]: Out of memory
WARNING [02/26 13:54:16 detectron2]: Out of memory
WARNING [02/26 13:54:16 detectron2]: Out of memory
WARNING [02/26 13:54:16 detectron2]: Out of memory
WARNING [02/26 13:54:16 detectron2]: Out of memory
WARNING [02/26 13:54:16 detectron2]: Out of memory
WARNING [02/26 13:54:16 detectron2]: Out of memory
WARNING [02/26 13:54:17 detectron2]: Out of memory
WARNING [02/26 13:54:17 detectron2]: Out of memory
WARNING [02/26 13:54:17 detectron2]: Out of memory
WARNING [02/26 13:54:17 detectron2]: Out of memory
WARNING [02/26 13:54:17 detectron2]: Out of memory
WARNING [02/26 13:54:17 detectron2]: Out of memory
WARNING [02/26 13:54:17 detectron2]: Out of memory
[02/26 13:54:17 d2.utils.events]:  eta: 0:41:25  iter: 1039  total_loss: 3.515  loss_cls_stage0: 0.6484  loss_box_reg_stage0: 0.0614  loss_cls_stage1: 0.6775  loss_box_reg_stage1: 0.09884  loss_cls_stage2: 0.6771  loss_box_reg_stage2: 0.1525  loss_rpn_cls: 0.5334  loss_rpn_loc: 0.6664    time: 0.1531  last_time: 0.1577  data_time: 0.0134  last_data_time: 0.0134   lr: 0.00019867  max_mem: 44151M
WARNING [02/26 13:54:18 detectron2]: Out of memory
WARNING [02/26 13:54:18 detectron2]: Out of memory
WARNING [02/26 13:54:18 detectron2]: Out of memory
WARNING [02/26 13:54:18 detectron2]: Out of memory
WARNING [02/26 13:54:18 detectron2]: Out of memory
WARNING [02/26 13:54:18 detectron2]: Out of memory
WARNING [02/26 13:54:18 detectron2]: Out of memory
WARNING [02/26 13:54:19 detectron2]: Out of memory
WARNING [02/26 13:54:19 detectron2]: Out of memory
WARNING [02/26 13:54:19 detectron2]: Out of memory
WARNING [02/26 13:54:19 detectron2]: Out of memory
WARNING [02/26 13:54:19 detectron2]: Out of memory
WARNING [02/26 13:54:19 detectron2]: Out of memory
WARNING [02/26 13:54:19 detectron2]: Out of memory
WARNING [02/26 13:54:19 detectron2]: Out of memory
WARNING [02/26 13:54:20 detectron2]: Out of memory
WARNING [02/26 13:54:20 detectron2]: Out of memory
WARNING [02/26 13:54:20 detectron2]: Out of memory
WARNING [02/26 13:54:20 detectron2]: Out of memory
WARNING [02/26 13:54:20 detectron2]: Out of memory
[02/26 13:54:20 d2.utils.events]:  eta: 0:41:23  iter: 1059  total_loss: 3.515  loss_cls_stage0: 0.6484  loss_box_reg_stage0: 0.0614  loss_cls_stage1: 0.6775  loss_box_reg_stage1: 0.09884  loss_cls_stage2: 0.6771  loss_box_reg_stage2: 0.1525  loss_rpn_cls: 0.5334  loss_rpn_loc: 0.6664    time: 0.1527  last_time: 0.1552  data_time: 0.0134  last_data_time: 0.0134   lr: 0.00019862  max_mem: 44151M
WARNING [02/26 13:54:20 detectron2]: Out of memory
WARNING [02/26 13:54:20 detectron2]: Out of memory
WARNING [02/26 13:54:21 detectron2]: Out of memory
WARNING [02/26 13:54:21 detectron2]: Out of memory
WARNING [02/26 13:54:21 detectron2]: Out of memory
WARNING [02/26 13:54:21 detectron2]: Out of memory
WARNING [02/26 13:54:21 detectron2]: Out of memory
WARNING [02/26 13:54:21 detectron2]: Out of memory
WARNING [02/26 13:54:22 detectron2]: Out of memory
WARNING [02/26 13:54:22 detectron2]: Out of memory
WARNING [02/26 13:54:22 detectron2]: Out of memory
WARNING [02/26 13:54:22 detectron2]: Out of memory
WARNING [02/26 13:54:22 detectron2]: Out of memory
WARNING [02/26 13:54:22 detectron2]: Out of memory
WARNING [02/26 13:54:22 detectron2]: Out of memory
WARNING [02/26 13:54:22 detectron2]: Out of memory
WARNING [02/26 13:54:23 detectron2]: Out of memory
WARNING [02/26 13:54:23 detectron2]: Out of memory
WARNING [02/26 13:54:23 detectron2]: Out of memory
/home/ng6309/datascience/krishna/genai_env/lib/python3.11/site-packages/torch/utils/checkpoint.py:464: UserWarning: torch.utils.checkpoint: the use_reentrant parameter should be passed explicitly. In version 2.4 we will raise an exception if use_reentrant is not passed. use_reentrant=False is recommended, but if you need to preserve the current default behavior, you can pass use_reentrant=True. Refer to docs for more details on the differences between the two variants.
  warnings.warn(
[02/26 13:54:25 d2.utils.events]:  eta: 0:41:21  iter: 1079  total_loss: 2.283  loss_cls_stage0: 0.2817  loss_box_reg_stage0: 0.03455  loss_cls_stage1: 0.1884  loss_box_reg_stage1: 0.04464  loss_cls_stage2: 0.1814  loss_box_reg_stage2: 0.0653  loss_rpn_cls: 0.5577  loss_rpn_loc: 0.9292    time: 0.1542  last_time: 2.1330  data_time: 0.0172  last_data_time: 0.0172   lr: 0.00019857  max_mem: 44151M
WARNING [02/26 13:54:25 detectron2]: Out of memory
WARNING [02/26 13:54:25 detectron2]: Out of memory
WARNING [02/26 13:54:26 detectron2]: Out of memory
WARNING [02/26 13:54:26 detectron2]: Out of memory
WARNING [02/26 13:54:26 detectron2]: Out of memory
WARNING [02/26 13:54:26 detectron2]: Out of memory
WARNING [02/26 13:54:26 detectron2]: Out of memory
WARNING [02/26 13:54:26 detectron2]: Out of memory
WARNING [02/26 13:54:26 detectron2]: Out of memory
WARNING [02/26 13:54:26 detectron2]: Out of memory
WARNING [02/26 13:54:27 detectron2]: Out of memory
WARNING [02/26 13:54:27 detectron2]: Out of memory
WARNING [02/26 13:54:27 detectron2]: Out of memory
WARNING [02/26 13:54:27 detectron2]: Out of memory
WARNING [02/26 13:54:27 detectron2]: Out of memory
WARNING [02/26 13:54:27 detectron2]: Out of memory
WARNING [02/26 13:54:27 detectron2]: Out of memory
WARNING [02/26 13:54:28 detectron2]: Out of memory
WARNING [02/26 13:54:28 detectron2]: Out of memory
WARNING [02/26 13:54:28 detectron2]: Out of memory
[02/26 13:54:28 d2.utils.events]:  eta: 0:41:26  iter: 1099  total_loss: 2.283  loss_cls_stage0: 0.2817  loss_box_reg_stage0: 0.03455  loss_cls_stage1: 0.1884  loss_box_reg_stage1: 0.04464  loss_cls_stage2: 0.1814  loss_box_reg_stage2: 0.0653  loss_rpn_cls: 0.5577  loss_rpn_loc: 0.9292    time: 0.1541  last_time: 0.1239  data_time: 0.0172  last_data_time: 0.0172   lr: 0.00019851  max_mem: 44151M
WARNING [02/26 13:54:28 detectron2]: Out of memory
WARNING [02/26 13:54:28 detectron2]: Out of memory
WARNING [02/26 13:54:28 detectron2]: Out of memory
WARNING [02/26 13:54:28 detectron2]: Out of memory
WARNING [02/26 13:54:29 detectron2]: Out of memory
WARNING [02/26 13:54:29 detectron2]: Out of memory
WARNING [02/26 13:54:29 detectron2]: Out of memory
WARNING [02/26 13:54:29 detectron2]: Out of memory
WARNING [02/26 13:54:29 detectron2]: Out of memory
WARNING [02/26 13:54:29 detectron2]: Out of memory
WARNING [02/26 13:54:29 detectron2]: Out of memory
WARNING [02/26 13:54:29 detectron2]: Out of memory
WARNING [02/26 13:54:30 detectron2]: Out of memory
WARNING [02/26 13:54:30 detectron2]: Out of memory
WARNING [02/26 13:54:30 detectron2]: Out of memory
WARNING [02/26 13:54:30 detectron2]: Out of memory
WARNING [02/26 13:54:30 detectron2]: Out of memory
WARNING [02/26 13:54:30 detectron2]: Out of memory
WARNING [02/26 13:54:30 detectron2]: Out of memory
WARNING [02/26 13:54:30 detectron2]: Out of memory
[02/26 13:54:30 d2.utils.events]:  eta: 0:41:21  iter: 1119  total_loss: 2.283  loss_cls_stage0: 0.2817  loss_box_reg_stage0: 0.03455  loss_cls_stage1: 0.1884  loss_box_reg_stage1: 0.04464  loss_cls_stage2: 0.1814  loss_box_reg_stage2: 0.0653  loss_rpn_cls: 0.5577  loss_rpn_loc: 0.9292    time: 0.1537  last_time: 0.0777  data_time: 0.0172  last_data_time: 0.0172   lr: 0.00019846  max_mem: 44151M
WARNING [02/26 13:54:31 detectron2]: Out of memory
WARNING [02/26 13:54:31 detectron2]: Out of memory
WARNING [02/26 13:54:31 detectron2]: Out of memory
WARNING [02/26 13:54:31 detectron2]: Out of memory
WARNING [02/26 13:54:31 detectron2]: Out of memory
WARNING [02/26 13:54:32 detectron2]: Out of memory
WARNING [02/26 13:54:32 detectron2]: Out of memory
WARNING [02/26 13:54:32 detectron2]: Out of memory
WARNING [02/26 13:54:32 detectron2]: Out of memory
WARNING [02/26 13:54:32 detectron2]: Out of memory
WARNING [02/26 13:54:32 detectron2]: Out of memory
WARNING [02/26 13:54:32 detectron2]: Out of memory
WARNING [02/26 13:54:33 detectron2]: Out of memory
WARNING [02/26 13:54:33 detectron2]: Out of memory
WARNING [02/26 13:54:33 detectron2]: Out of memory
WARNING [02/26 13:54:33 detectron2]: Out of memory
WARNING [02/26 13:54:33 detectron2]: Out of memory
WARNING [02/26 13:54:33 detectron2]: Out of memory
WARNING [02/26 13:54:33 detectron2]: Out of memory
WARNING [02/26 13:54:34 detectron2]: Out of memory
[02/26 13:54:34 d2.utils.events]:  eta: 0:41:27  iter: 1139  total_loss: 2.283  loss_cls_stage0: 0.2817  loss_box_reg_stage0: 0.03455  loss_cls_stage1: 0.1884  loss_box_reg_stage1: 0.04464  loss_cls_stage2: 0.1814  loss_box_reg_stage2: 0.0653  loss_rpn_cls: 0.5577  loss_rpn_loc: 0.9292    time: 0.1536  last_time: 0.1430  data_time: 0.0172  last_data_time: 0.0172   lr: 0.0001984  max_mem: 44151M
WARNING [02/26 13:54:34 detectron2]: Out of memory
WARNING [02/26 13:54:34 detectron2]: Out of memory
WARNING [02/26 13:54:34 detectron2]: Out of memory
WARNING [02/26 13:54:34 detectron2]: Out of memory
WARNING [02/26 13:54:34 detectron2]: Out of memory
WARNING [02/26 13:54:34 detectron2]: Out of memory
WARNING [02/26 13:54:34 detectron2]: Out of memory
WARNING [02/26 13:54:35 detectron2]: Out of memory
WARNING [02/26 13:54:35 detectron2]: Out of memory
WARNING [02/26 13:54:35 detectron2]: Out of memory
WARNING [02/26 13:54:35 detectron2]: Out of memory
WARNING [02/26 13:54:35 detectron2]: Out of memory
WARNING [02/26 13:54:35 detectron2]: Out of memory
/home/ng6309/datascience/krishna/genai_env/lib/python3.11/site-packages/torch/utils/checkpoint.py:464: UserWarning: torch.utils.checkpoint: the use_reentrant parameter should be passed explicitly. In version 2.4 we will raise an exception if use_reentrant is not passed. use_reentrant=False is recommended, but if you need to preserve the current default behavior, you can pass use_reentrant=True. Refer to docs for more details on the differences between the two variants.
  warnings.warn(
WARNING [02/26 13:54:38 detectron2]: Out of memory
WARNING [02/26 13:54:38 detectron2]: Out of memory
WARNING [02/26 13:54:39 detectron2]: Out of memory
WARNING [02/26 13:54:39 detectron2]: Out of memory
WARNING [02/26 13:54:39 detectron2]: Out of memory
WARNING [02/26 13:54:39 detectron2]: Out of memory
[02/26 13:54:39 d2.utils.events]:  eta: 0:41:25  iter: 1159  total_loss: 3.38  loss_cls_stage0: 0.427  loss_box_reg_stage0: 0.123  loss_cls_stage1: 0.5939  loss_box_reg_stage1: 0.1226  loss_cls_stage2: 0.8207  loss_box_reg_stage2: 0.1474  loss_rpn_cls: 0.5455  loss_rpn_loc: 0.6002    time: 0.1556  last_time: 0.0894  data_time: 0.0246  last_data_time: 0.0246   lr: 0.00019835  max_mem: 44151M
WARNING [02/26 13:54:39 detectron2]: Out of memory
WARNING [02/26 13:54:39 detectron2]: Out of memory
WARNING [02/26 13:54:39 detectron2]: Out of memory
WARNING [02/26 13:54:39 detectron2]: Out of memory
WARNING [02/26 13:54:40 detectron2]: Out of memory
WARNING [02/26 13:54:40 detectron2]: Out of memory
WARNING [02/26 13:54:40 detectron2]: Out of memory
WARNING [02/26 13:54:40 detectron2]: Out of memory
WARNING [02/26 13:54:40 detectron2]: Out of memory
WARNING [02/26 13:54:40 detectron2]: Out of memory
WARNING [02/26 13:54:41 detectron2]: Out of memory
WARNING [02/26 13:54:41 detectron2]: Out of memory
WARNING [02/26 13:54:41 detectron2]: Out of memory
WARNING [02/26 13:54:41 detectron2]: Out of memory
WARNING [02/26 13:54:41 detectron2]: Out of memory
WARNING [02/26 13:54:41 detectron2]: Out of memory
WARNING [02/26 13:54:41 detectron2]: Out of memory
WARNING [02/26 13:54:41 detectron2]: Out of memory
WARNING [02/26 13:54:42 detectron2]: Out of memory
WARNING [02/26 13:54:42 detectron2]: Out of memory
[02/26 13:54:42 d2.utils.events]:  eta: 0:41:21  iter: 1179  total_loss: 3.38  loss_cls_stage0: 0.427  loss_box_reg_stage0: 0.123  loss_cls_stage1: 0.5939  loss_box_reg_stage1: 0.1226  loss_cls_stage2: 0.8207  loss_box_reg_stage2: 0.1474  loss_rpn_cls: 0.5455  loss_rpn_loc: 0.6002    time: 0.1554  last_time: 0.1082  data_time: 0.0246  last_data_time: 0.0246   lr: 0.00019829  max_mem: 44151M
WARNING [02/26 13:54:42 detectron2]: Out of memory
WARNING [02/26 13:54:42 detectron2]: Out of memory
WARNING [02/26 13:54:42 detectron2]: Out of memory
WARNING [02/26 13:54:42 detectron2]: Out of memory
WARNING [02/26 13:54:42 detectron2]: Out of memory
WARNING [02/26 13:54:43 detectron2]: Out of memory
WARNING [02/26 13:54:43 detectron2]: Out of memory
WARNING [02/26 13:54:43 detectron2]: Out of memory
WARNING [02/26 13:54:43 detectron2]: Out of memory
WARNING [02/26 13:54:43 detectron2]: Out of memory
WARNING [02/26 13:54:43 detectron2]: Out of memory
WARNING [02/26 13:54:43 detectron2]: Out of memory
WARNING [02/26 13:54:44 detectron2]: Out of memory
WARNING [02/26 13:54:44 detectron2]: Out of memory
WARNING [02/26 13:54:44 detectron2]: Out of memory
WARNING [02/26 13:54:44 detectron2]: Out of memory
WARNING [02/26 13:54:44 detectron2]: Out of memory
WARNING [02/26 13:54:44 detectron2]: Out of memory
WARNING [02/26 13:54:44 detectron2]: Out of memory
WARNING [02/26 13:54:44 detectron2]: Out of memory
[02/26 13:54:44 d2.utils.events]:  eta: 0:41:15  iter: 1199  total_loss: 3.38  loss_cls_stage0: 0.427  loss_box_reg_stage0: 0.123  loss_cls_stage1: 0.5939  loss_box_reg_stage1: 0.1226  loss_cls_stage2: 0.8207  loss_box_reg_stage2: 0.1474  loss_rpn_cls: 0.5455  loss_rpn_loc: 0.6002    time: 0.1550  last_time: 0.1935  data_time: 0.0246  last_data_time: 0.0246   lr: 0.00019823  max_mem: 44151M
WARNING [02/26 13:54:45 detectron2]: Out of memory
WARNING [02/26 13:54:45 detectron2]: Out of memory
WARNING [02/26 13:54:45 detectron2]: Out of memory
WARNING [02/26 13:54:45 detectron2]: Out of memory
WARNING [02/26 13:54:45 detectron2]: Out of memory
WARNING [02/26 13:54:45 detectron2]: Out of memory
WARNING [02/26 13:54:45 detectron2]: Out of memory
WARNING [02/26 13:54:46 detectron2]: Out of memory
WARNING [02/26 13:54:46 detectron2]: Out of memory
WARNING [02/26 13:54:46 detectron2]: Out of memory
WARNING [02/26 13:54:46 detectron2]: Out of memory
WARNING [02/26 13:54:46 detectron2]: Out of memory
WARNING [02/26 13:54:46 detectron2]: Out of memory
WARNING [02/26 13:54:46 detectron2]: Out of memory
WARNING [02/26 13:54:47 detectron2]: Out of memory
WARNING [02/26 13:54:47 detectron2]: Out of memory
WARNING [02/26 13:54:47 detectron2]: Out of memory
WARNING [02/26 13:54:47 detectron2]: Out of memory
WARNING [02/26 13:54:47 detectron2]: Out of memory
WARNING [02/26 13:54:47 detectron2]: Out of memory
[02/26 13:54:47 d2.utils.events]:  eta: 0:41:16  iter: 1219  total_loss: 3.38  loss_cls_stage0: 0.427  loss_box_reg_stage0: 0.123  loss_cls_stage1: 0.5939  loss_box_reg_stage1: 0.1226  loss_cls_stage2: 0.8207  loss_box_reg_stage2: 0.1474  loss_rpn_cls: 0.5455  loss_rpn_loc: 0.6002    time: 0.1547  last_time: 0.1171  data_time: 0.0246  last_data_time: 0.0246   lr: 0.00019817  max_mem: 44151M
WARNING [02/26 13:54:47 detectron2]: Out of memory
WARNING [02/26 13:54:47 detectron2]: Out of memory
WARNING [02/26 13:54:48 detectron2]: Out of memory
WARNING [02/26 13:54:48 detectron2]: Out of memory
WARNING [02/26 13:54:48 detectron2]: Out of memory
WARNING [02/26 13:54:48 detectron2]: Out of memory
WARNING [02/26 13:54:48 detectron2]: Out of memory
WARNING [02/26 13:54:48 detectron2]: Out of memory
WARNING [02/26 13:54:48 detectron2]: Out of memory
WARNING [02/26 13:54:48 detectron2]: Out of memory
WARNING [02/26 13:54:49 detectron2]: Out of memory
WARNING [02/26 13:54:49 detectron2]: Out of memory
WARNING [02/26 13:54:49 detectron2]: Out of memory
WARNING [02/26 13:54:49 detectron2]: Out of memory
WARNING [02/26 13:54:49 detectron2]: Out of memory
WARNING [02/26 13:54:49 detectron2]: Out of memory
WARNING [02/26 13:54:49 detectron2]: Out of memory
WARNING [02/26 13:54:50 detectron2]: Out of memory
WARNING [02/26 13:54:50 detectron2]: Out of memory
WARNING [02/26 13:54:50 detectron2]: Out of memory
[02/26 13:54:50 d2.utils.events]:  eta: 0:41:11  iter: 1239  total_loss: 3.38  loss_cls_stage0: 0.427  loss_box_reg_stage0: 0.123  loss_cls_stage1: 0.5939  loss_box_reg_stage1: 0.1226  loss_cls_stage2: 0.8207  loss_box_reg_stage2: 0.1474  loss_rpn_cls: 0.5455  loss_rpn_loc: 0.6002    time: 0.1543  last_time: 0.1105  data_time: 0.0246  last_data_time: 0.0246   lr: 0.00019811  max_mem: 44151M
WARNING [02/26 13:54:50 detectron2]: Out of memory
WARNING [02/26 13:54:50 detectron2]: Out of memory
WARNING [02/26 13:54:50 detectron2]: Out of memory
WARNING [02/26 13:54:50 detectron2]: Out of memory
WARNING [02/26 13:54:50 detectron2]: Out of memory
WARNING [02/26 13:54:51 detectron2]: Out of memory
WARNING [02/26 13:54:51 detectron2]: Out of memory
WARNING [02/26 13:54:51 detectron2]: Out of memory
WARNING [02/26 13:54:51 detectron2]: Out of memory
WARNING [02/26 13:54:51 detectron2]: Out of memory
WARNING [02/26 13:54:51 detectron2]: Out of memory
WARNING [02/26 13:54:51 detectron2]: Out of memory
WARNING [02/26 13:54:51 detectron2]: Out of memory
WARNING [02/26 13:54:52 detectron2]: Out of memory
WARNING [02/26 13:54:52 detectron2]: Out of memory
WARNING [02/26 13:54:52 detectron2]: Out of memory
WARNING [02/26 13:54:52 detectron2]: Out of memory
WARNING [02/26 13:54:52 detectron2]: Out of memory
WARNING [02/26 13:54:52 detectron2]: Out of memory
WARNING [02/26 13:54:52 detectron2]: Out of memory
[02/26 13:54:52 d2.utils.events]:  eta: 0:41:09  iter: 1259  total_loss: 3.38  loss_cls_stage0: 0.427  loss_box_reg_stage0: 0.123  loss_cls_stage1: 0.5939  loss_box_reg_stage1: 0.1226  loss_cls_stage2: 0.8207  loss_box_reg_stage2: 0.1474  loss_rpn_cls: 0.5455  loss_rpn_loc: 0.6002    time: 0.1539  last_time: 0.1536  data_time: 0.0246  last_data_time: 0.0246   lr: 0.00019805  max_mem: 44151M
WARNING [02/26 13:54:52 detectron2]: Out of memory
WARNING [02/26 13:54:53 detectron2]: Out of memory
WARNING [02/26 13:54:53 detectron2]: Out of memory
WARNING [02/26 13:54:53 detectron2]: Out of memory
WARNING [02/26 13:54:53 detectron2]: Out of memory
WARNING [02/26 13:54:53 detectron2]: Out of memory
WARNING [02/26 13:54:53 detectron2]: Out of memory
WARNING [02/26 13:54:53 detectron2]: Out of memory
WARNING [02/26 13:54:54 detectron2]: Out of memory
WARNING [02/26 13:54:54 detectron2]: Out of memory
WARNING [02/26 13:54:54 detectron2]: Out of memory
WARNING [02/26 13:54:54 detectron2]: Out of memory
WARNING [02/26 13:54:54 detectron2]: Out of memory
WARNING [02/26 13:54:54 detectron2]: Out of memory
WARNING [02/26 13:54:54 detectron2]: Out of memory
WARNING [02/26 13:54:55 detectron2]: Out of memory
WARNING [02/26 13:54:55 detectron2]: Out of memory
/home/ng6309/datascience/krishna/genai_env/lib/python3.11/site-packages/torch/utils/checkpoint.py:464: UserWarning: torch.utils.checkpoint: the use_reentrant parameter should be passed explicitly. In version 2.4 we will raise an exception if use_reentrant is not passed. use_reentrant=False is recommended, but if you need to preserve the current default behavior, you can pass use_reentrant=True. Refer to docs for more details on the differences between the two variants.
  warnings.warn(
WARNING [02/26 13:54:57 detectron2]: Out of memory
WARNING [02/26 13:54:58 detectron2]: Out of memory
[02/26 13:54:58 d2.utils.events]:  eta: 0:41:04  iter: 1279  total_loss: 3.455  loss_cls_stage0: 0.4088  loss_box_reg_stage0: 0.1062  loss_cls_stage1: 0.5983  loss_box_reg_stage1: 0.1132  loss_cls_stage2: 0.8429  loss_box_reg_stage2: 0.1535  loss_rpn_cls: 0.5215  loss_rpn_loc: 0.711    time: 0.1555  last_time: 0.1030  data_time: 0.0577  last_data_time: 0.0577   lr: 0.00019799  max_mem: 44151M
WARNING [02/26 13:54:58 detectron2]: Out of memory
WARNING [02/26 13:54:58 detectron2]: Out of memory
WARNING [02/26 13:54:58 detectron2]: Out of memory
WARNING [02/26 13:54:58 detectron2]: Out of memory
WARNING [02/26 13:54:58 detectron2]: Out of memory
WARNING [02/26 13:54:58 detectron2]: Out of memory
WARNING [02/26 13:54:58 detectron2]: Out of memory
WARNING [02/26 13:54:59 detectron2]: Out of memory
WARNING [02/26 13:54:59 detectron2]: Out of memory
WARNING [02/26 13:54:59 detectron2]: Out of memory
WARNING [02/26 13:54:59 detectron2]: Out of memory
WARNING [02/26 13:54:59 detectron2]: Out of memory
WARNING [02/26 13:54:59 detectron2]: Out of memory
WARNING [02/26 13:54:59 detectron2]: Out of memory
WARNING [02/26 13:55:00 detectron2]: Out of memory
WARNING [02/26 13:55:00 detectron2]: Out of memory
WARNING [02/26 13:55:00 detectron2]: Out of memory
WARNING [02/26 13:55:00 detectron2]: Out of memory
WARNING [02/26 13:55:00 detectron2]: Out of memory
WARNING [02/26 13:55:00 detectron2]: Out of memory
[02/26 13:55:00 d2.utils.events]:  eta: 0:41:05  iter: 1299  total_loss: 3.455  loss_cls_stage0: 0.4088  loss_box_reg_stage0: 0.1062  loss_cls_stage1: 0.5983  loss_box_reg_stage1: 0.1132  loss_cls_stage2: 0.8429  loss_box_reg_stage2: 0.1535  loss_rpn_cls: 0.5215  loss_rpn_loc: 0.711    time: 0.1552  last_time: 0.0900  data_time: 0.0577  last_data_time: 0.0577   lr: 0.00019793  max_mem: 44151M
WARNING [02/26 13:55:00 detectron2]: Out of memory
WARNING [02/26 13:55:01 detectron2]: Out of memory
WARNING [02/26 13:55:01 detectron2]: Out of memory
WARNING [02/26 13:55:01 detectron2]: Out of memory
WARNING [02/26 13:55:01 detectron2]: Out of memory
WARNING [02/26 13:55:01 detectron2]: Out of memory
WARNING [02/26 13:55:01 detectron2]: Out of memory
WARNING [02/26 13:55:01 detectron2]: Out of memory
WARNING [02/26 13:55:01 detectron2]: Out of memory
WARNING [02/26 13:55:02 detectron2]: Out of memory
/home/ng6309/datascience/krishna/genai_env/lib/python3.11/site-packages/torch/utils/checkpoint.py:464: UserWarning: torch.utils.checkpoint: the use_reentrant parameter should be passed explicitly. In version 2.4 we will raise an exception if use_reentrant is not passed. use_reentrant=False is recommended, but if you need to preserve the current default behavior, you can pass use_reentrant=True. Refer to docs for more details on the differences between the two variants.
  warnings.warn(
WARNING [02/26 13:55:04 detectron2]: Out of memory
WARNING [02/26 13:55:05 detectron2]: Out of memory
WARNING [02/26 13:55:05 detectron2]: Out of memory
WARNING [02/26 13:55:05 detectron2]: Out of memory
WARNING [02/26 13:55:05 detectron2]: Out of memory
WARNING [02/26 13:55:05 detectron2]: Out of memory
WARNING [02/26 13:55:05 detectron2]: Out of memory
WARNING [02/26 13:55:05 detectron2]: Out of memory
WARNING [02/26 13:55:05 detectron2]: Out of memory
[02/26 13:55:05 d2.utils.events]:  eta: 0:41:02  iter: 1319  total_loss: 3.456  loss_cls_stage0: 0.4516  loss_box_reg_stage0: 0.1497  loss_cls_stage1: 0.5972  loss_box_reg_stage1: 0.1277  loss_cls_stage2: 0.8379  loss_box_reg_stage2: 0.1542  loss_rpn_cls: 0.5355  loss_rpn_loc: 0.6022    time: 0.1568  last_time: 0.1615  data_time: 0.0184  last_data_time: 0.0184   lr: 0.00019786  max_mem: 44151M
WARNING [02/26 13:55:06 detectron2]: Out of memory
WARNING [02/26 13:55:06 detectron2]: Out of memory
WARNING [02/26 13:55:06 detectron2]: Out of memory
WARNING [02/26 13:55:06 detectron2]: Out of memory
WARNING [02/26 13:55:06 detectron2]: Out of memory
WARNING [02/26 13:55:06 detectron2]: Out of memory
WARNING [02/26 13:55:07 detectron2]: Out of memory
WARNING [02/26 13:55:07 detectron2]: Out of memory
WARNING [02/26 13:55:07 detectron2]: Out of memory
WARNING [02/26 13:55:07 detectron2]: Out of memory
WARNING [02/26 13:55:07 detectron2]: Out of memory
WARNING [02/26 13:55:07 detectron2]: Out of memory
WARNING [02/26 13:55:07 detectron2]: Out of memory
WARNING [02/26 13:55:08 detectron2]: Out of memory
WARNING [02/26 13:55:08 detectron2]: Out of memory
WARNING [02/26 13:55:08 detectron2]: Out of memory
WARNING [02/26 13:55:08 detectron2]: Out of memory
WARNING [02/26 13:55:08 detectron2]: Out of memory
WARNING [02/26 13:55:08 detectron2]: Out of memory
WARNING [02/26 13:55:09 detectron2]: Out of memory
[02/26 13:55:09 d2.utils.events]:  eta: 0:41:00  iter: 1339  total_loss: 3.456  loss_cls_stage0: 0.4516  loss_box_reg_stage0: 0.1497  loss_cls_stage1: 0.5972  loss_box_reg_stage1: 0.1277  loss_cls_stage2: 0.8379  loss_box_reg_stage2: 0.1542  loss_rpn_cls: 0.5355  loss_rpn_loc: 0.6022    time: 0.1567  last_time: 0.1917  data_time: 0.0184  last_data_time: 0.0184   lr: 0.0001978  max_mem: 44151M
WARNING [02/26 13:55:09 detectron2]: Out of memory
WARNING [02/26 13:55:09 detectron2]: Out of memory
WARNING [02/26 13:55:09 detectron2]: Out of memory
WARNING [02/26 13:55:09 detectron2]: Out of memory
